Hero,Skill Tier,KDA Ratio,"Pick Rate, %","Win Rate, %",Eliminations / 10min,Objective Kills / 10min,Objective Time / 10min,Damage / 10min,Healing / 10min,Deaths / 10min,"Scoped Accuracy, %",Biotic Grenade Kills / 10min,Enemies Slept / 10min,Healing Amplified / 10min,Nano Boost Assists / 10min,Blaster Kills / 10min,Damage Amplified / 10min,Players Resurrected / 10min,Final Blows / 10min,Solo Kills / 10min,"Weapon Accuracy, %","Crit Accuracy, %",Deadeye Kills / 10min,Magnetic Grenade Attaches,Magnetic Grenade Kills / 10min,Swift Strike Resets / 10min,Damage Reflected / 10min,Ultimates Reflected / 10min,Dragonblade Kills / 10min,Kunai Kills / 10min,Effects Cleansed / 10min,Kitsune Rush Assists / 10min,"Secondary Accuracy, %",Biotic Orb Kills / 10min,"Ally Coalescence Efficiency, %","Enemy Coalescence Efficiency, %",Coalescence Kills / 10min,Objective Contest Time / 10min,Charge Kills / 10min,Fire Strike Kills / 10min,Earthshatter Kills / 10min,Long Range Kills / 10min,Storm Arrow Kills / 10min,Recon Assists / 10min,Dragonstrike Kills / 10min,Venom Mine Kills / 10min,"Helix Rocket Accuracy, %",Helix Rocket Kills / 10min,Tactical Visor Kills / 10min,"Charged Volley Accuracy, %",Charged Volley Kills / 10min,Transcendence Healing / 10min,Knockbacks / 10min,Sound Barriers / 10min,"Micro Missile Kills, % / 10min",Call Mech Kills / 10min,Self-Destruct Kills / 10min,Direct Hits,Concussion Mine Kills / 10min,Enemies Trapped / 10min,Coach Gun Kills / 10min,Dynamite Kills / 10min,Bob Kills / 10min,Self Healing / 10min,Low Health Recalls / 10min,Pulse Bombs Stuck / 10min,Pulse Bomb Kills / 10min,Chain Hook Kills / 10min,"Chain Hook Accuracy, %",Whole Hog Kills / 10min,"Primary Accuracy, %",High Energy Kills / 10min,"Average Energy, %",Graviton Surge Kills / 10min,Death Blossom Kills / 10min,Healing Accuracy,Deaths Prevented / 10min,Amp Matrix Assists / 10min,Energy Javelin Kills / 10min,Javelin Spin Kills / 10min,Terra Surge Kills / 10min,"Airtime, %",Barrage Kills / 10min,Accretion Kills / 10min,Overhealth / 10min,Gravitic Flux Kills / 10min,Rocket Punch Kills / 10min,Seismic Slam Kills / 10min,Meteor Strike Kills / 10min,Inspire Uptime,"Icicle Accuracy, % / 10min","Icicle Crit Accuracy, % / 10min",Enemies Frozen / 10min,Blizzard Kills / 10min,Jump Pack Kills / 10min,Primal Rage Kills / 10min,Recon Kills / 10min,Assault Kills / 10min,Tactical Grenade Kills / 10min,Artillery Kills / 10min,Enemies Hacked / 10min,Low Health Teleports / 10min,EMP Kills / 10min,Grappling Claw Kills / 10min,Piledriver Kills / 10min,"Charged Shot Accuracy, %","Charged Crit Accuracy, %",Charged Shot Kills / 10min,Disruptor Shot Kills / 10min,Overclock Kills / 10min,Average Damage Multiplier,Players Teleported / 10min,Sentry Turret Kills / 10min,Hammer Kills / 10min,Turret Kills / 10min,Molten Core Kills / 10min,"Pummel Accuracy, %",Pummel Kills / 10min,Ravenous Vortex Kills / 10min,Annihilation Kills / 10min,"Jagged Blade Accuracy, %",Carnage Kills / 10min,"Wound Uptime, %",Rampage Kills / 10min,"Focusing Beam Accuracy, %",Focusing Beam Kills / 10min,"Sticky Bomb Accuracy, %",Sticky Bomb Kills / 10min,Duplicate Kills / 10min,Role
Ana,All,4.49,10.18,50.99,9.46,4.05,63,2676,8686,5.85,57,4.73,5.30,405.71,3.05,,,,,,,,,,,,,,,,,,,,,,,,,,,,,,,,,,,,,,,,,,,,,,,,,,,,,,,,,,,,,,,,,,,,,,,,,,,,,,,,,,,,,,,,,,,,,,,,,,,,,,,,,,,,,,,,,,,Support
Ana,Bronze,3.87,3.71,43.97,8.37,3.80,61,2508,7483,6.47,52,3.99,4.65,360.83,2.50,,,,,,,,,,,,,,,,,,,,,,,,,,,,,,,,,,,,,,,,,,,,,,,,,,,,,,,,,,,,,,,,,,,,,,,,,,,,,,,,,,,,,,,,,,,,,,,,,,,,,,,,,,,,,,,,,,,Support
Ana,Silver,4.01,3.78,46.68,8.88,4.08,64,2573,7875,6.36,53,4.34,4.96,387.62,2.74,,,,,,,,,,,,,,,,,,,,,,,,,,,,,,,,,,,,,,,,,,,,,,,,,,,,,,,,,,,,,,,,,,,,,,,,,,,,,,,,,,,,,,,,,,,,,,,,,,,,,,,,,,,,,,,,,,,Support
Ana,Gold,4.36,5.46,48.90,9.21,4.14,65,2610,8251,6.13,55,4.56,5.13,396.94,2.91,,,,,,,,,,,,,,,,,,,,,,,,,,,,,,,,,,,,,,,,,,,,,,,,,,,,,,,,,,,,,,,,,,,,,,,,,,,,,,,,,,,,,,,,,,,,,,,,,,,,,,,,,,,,,,,,,,,Support
Ana,Platinum,4.56,9.33,50.45,9.53,4.18,65,2661,8650,5.89,57,4.79,5.31,409.83,3.05,,,,,,,,,,,,,,,,,,,,,,,,,,,,,,,,,,,,,,,,,,,,,,,,,,,,,,,,,,,,,,,,,,,,,,,,,,,,,,,,,,,,,,,,,,,,,,,,,,,,,,,,,,,,,,,,,,,Support
Ana,Diamond,4.60,16.50,51.30,9.70,4.11,63,2709,8920,5.74,58,4.89,5.44,415.41,3.15,,,,,,,,,,,,,,,,,,,,,,,,,,,,,,,,,,,,,,,,,,,,,,,,,,,,,,,,,,,,,,,,,,,,,,,,,,,,,,,,,,,,,,,,,,,,,,,,,,,,,,,,,,,,,,,,,,,Support
Ana,Master,4.63,22.77,52.67,9.75,3.98,62,2756,9092,5.63,60,4.90,5.53,413.65,3.21,,,,,,,,,,,,,,,,,,,,,,,,,,,,,,,,,,,,,,,,,,,,,,,,,,,,,,,,,,,,,,,,,,,,,,,,,,,,,,,,,,,,,,,,,,,,,,,,,,,,,,,,,,,,,,,,,,,Support
Ana,Grandmaster,4.51,28.03,53.26,9.45,3.60,58,2803,9221,5.56,60,4.68,5.45,402.33,3.17,,,,,,,,,,,,,,,,,,,,,,,,,,,,,,,,,,,,,,,,,,,,,,,,,,,,,,,,,,,,,,,,,,,,,,,,,,,,,,,,,,,,,,,,,,,,,,,,,,,,,,,,,,,,,,,,,,,Support
Mercy,All,4.19,6.27,51.29,1.75,0.65,51,329,8899,6.02,,,,,,1.72,1050.65,4.46,,,,,,,,,,,,,,,,,,,,,,,,,,,,,,,,,,,,,,,,,,,,,,,,,,,,,,,,,,,,,,,,,,,,,,,,,,,,,,,,,,,,,,,,,,,,,,,,,,,,,,,,,,,,,,,,Support
Mercy,Bronze,3.53,3.69,44.85,1.74,0.77,58,346,8563,6.88,,,,,,1.73,743.55,4.14,,,,,,,,,,,,,,,,,,,,,,,,,,,,,,,,,,,,,,,,,,,,,,,,,,,,,,,,,,,,,,,,,,,,,,,,,,,,,,,,,,,,,,,,,,,,,,,,,,,,,,,,,,,,,,,,Support
Mercy,Silver,3.84,3.48,48.46,1.89,0.81,58,357,8802,6.57,,,,,,1.87,820.87,4.30,,,,,,,,,,,,,,,,,,,,,,,,,,,,,,,,,,,,,,,,,,,,,,,,,,,,,,,,,,,,,,,,,,,,,,,,,,,,,,,,,,,,,,,,,,,,,,,,,,,,,,,,,,,,,,,,Support
Mercy,Gold,4.03,3.87,49.77,1.81,0.73,56,344,9009,6.32,,,,,,1.79,896.33,4.42,,,,,,,,,,,,,,,,,,,,,,,,,,,,,,,,,,,,,,,,,,,,,,,,,,,,,,,,,,,,,,,,,,,,,,,,,,,,,,,,,,,,,,,,,,,,,,,,,,,,,,,,,,,,,,,,Support
Mercy,Platinum,4.24,5.47,51.27,1.77,0.67,53,331,9066,6.02,,,,,,1.75,998.52,4.51,,,,,,,,,,,,,,,,,,,,,,,,,,,,,,,,,,,,,,,,,,,,,,,,,,,,,,,,,,,,,,,,,,,,,,,,,,,,,,,,,,,,,,,,,,,,,,,,,,,,,,,,,,,,,,,,Support
Mercy,Diamond,4.26,9.36,51.80,1.76,0.62,49,326,8963,5.86,,,,,,1.72,1118.44,4.52,,,,,,,,,,,,,,,,,,,,,,,,,,,,,,,,,,,,,,,,,,,,,,,,,,,,,,,,,,,,,,,,,,,,,,,,,,,,,,,,,,,,,,,,,,,,,,,,,,,,,,,,,,,,,,,,Support
Mercy,Master,4.30,11.90,52.56,1.71,0.59,45,318,8721,5.83,,,,,,1.67,1231.77,4.48,,,,,,,,,,,,,,,,,,,,,,,,,,,,,,,,,,,,,,,,,,,,,,,,,,,,,,,,,,,,,,,,,,,,,,,,,,,,,,,,,,,,,,,,,,,,,,,,,,,,,,,,,,,,,,,,Support
Mercy,Grandmaster,4.37,17.97,52.16,1.56,0.53,42,296,8478,5.71,,,,,,1.52,1341.95,4.41,,,,,,,,,,,,,,,,,,,,,,,,,,,,,,,,,,,,,,,,,,,,,,,,,,,,,,,,,,,,,,,,,,,,,,,,,,,,,,,,,,,,,,,,,,,,,,,,,,,,,,,,,,,,,,,,Support
Cassidy,All,2.45,6.15,49.68,18.11,6.74,55,8735,,8.01,,,,,,,,,11.14,1.85,42,8,1.93,60.30,5.49,,,,,,,,,,,,,,,,,,,,,,,,,,,,,,,,,,,,,,,,,,,,,,,,,,,,,,,,,,,,,,,,,,,,,,,,,,,,,,,,,,,,,,,,,,,,,,,,,,,,,,,,,Damage
Cassidy,Bronze,2.22,1.62,43.02,15.72,6.56,61,7402,,8.38,,,,,,,,,9.57,2.01,38,8,2.09,55.10,4.97,,,,,,,,,,,,,,,,,,,,,,,,,,,,,,,,,,,,,,,,,,,,,,,,,,,,,,,,,,,,,,,,,,,,,,,,,,,,,,,,,,,,,,,,,,,,,,,,,,,,,,,,,Damage
Cassidy,Silver,2.28,2.03,45.79,16.64,6.71,60,7715,,8.26,,,,,,,,,10.18,2.05,39,8,2.12,57.18,5.23,,,,,,,,,,,,,,,,,,,,,,,,,,,,,,,,,,,,,,,,,,,,,,,,,,,,,,,,,,,,,,,,,,,,,,,,,,,,,,,,,,,,,,,,,,,,,,,,,,,,,,,,,Damage
Cassidy,Gold,2.44,2.85,47.34,17.37,6.81,58,8110,,8.12,,,,,,,,,10.62,1.99,40,8,2.09,58.89,5.40,,,,,,,,,,,,,,,,,,,,,,,,,,,,,,,,,,,,,,,,,,,,,,,,,,,,,,,,,,,,,,,,,,,,,,,,,,,,,,,,,,,,,,,,,,,,,,,,,,,,,,,,,Damage
Cassidy,Platinum,2.46,5.18,48.84,18.10,6.89,56,8568,,8.06,,,,,,,,,11.14,1.93,42,8,2.02,60.31,5.58,,,,,,,,,,,,,,,,,,,,,,,,,,,,,,,,,,,,,,,,,,,,,,,,,,,,,,,,,,,,,,,,,,,,,,,,,,,,,,,,,,,,,,,,,,,,,,,,,,,,,,,,,Damage
Cassidy,Diamond,2.50,10.21,50.22,18.60,6.83,54,8967,,8.01,,,,,,,,,11.50,1.86,42,8,1.92,61.10,5.65,,,,,,,,,,,,,,,,,,,,,,,,,,,,,,,,,,,,,,,,,,,,,,,,,,,,,,,,,,,,,,,,,,,,,,,,,,,,,,,,,,,,,,,,,,,,,,,,,,,,,,,,,Damage
Cassidy,Master,2.45,15.45,50.35,18.68,6.65,52,9277,,7.94,,,,,,,,,11.53,1.74,43,9,1.79,61.31,5.54,,,,,,,,,,,,,,,,,,,,,,,,,,,,,,,,,,,,,,,,,,,,,,,,,,,,,,,,,,,,,,,,,,,,,,,,,,,,,,,,,,,,,,,,,,,,,,,,,,,,,,,,,Damage
Cassidy,Grandmaster,2.45,19.55,51.77,18.36,6.25,48,9584,,7.77,,,,,,,,,11.31,1.56,44,9,1.57,60.87,5.25,,,,,,,,,,,,,,,,,,,,,,,,,,,,,,,,,,,,,,,,,,,,,,,,,,,,,,,,,,,,,,,,,,,,,,,,,,,,,,,,,,,,,,,,,,,,,,,,,,,,,,,,,Damage
Genji,All,2.43,4.05,50.74,18.11,5.17,65,7341,,8.27,,,,,,,,,9.95,1.62,28,,,,,16.13,1827.77,0.05,3.59,,,,,,,,,,,,,,,,,,,,,,,,,,,,,,,,,,,,,,,,,,,,,,,,,,,,,,,,,,,,,,,,,,,,,,,,,,,,,,,,,,,,,,,,,,,,,,,,,,,,,Damage
Genji,Bronze,2.27,1.04,44.55,15.44,5.22,71,6338,,8.37,,,,,,,,,8.02,1.64,26,,,,,12.14,1673.73,0.11,2.91,,,,,,,,,,,,,,,,,,,,,,,,,,,,,,,,,,,,,,,,,,,,,,,,,,,,,,,,,,,,,,,,,,,,,,,,,,,,,,,,,,,,,,,,,,,,,,,,,,,,,Damage
Genji,Silver,2.24,1.10,46.33,16.04,5.31,71,6594,,8.48,,,,,,,,,8.41,1.66,27,,,,,12.91,1776.37,0.08,3.09,,,,,,,,,,,,,,,,,,,,,,,,,,,,,,,,,,,,,,,,,,,,,,,,,,,,,,,,,,,,,,,,,,,,,,,,,,,,,,,,,,,,,,,,,,,,,,,,,,,,,Damage
Genji,Gold,2.35,1.81,48.50,17.04,5.31,68,6944,,8.37,,,,,,,,,9.12,1.68,28,,,,,14.34,1841.01,0.07,3.29,,,,,,,,,,,,,,,,,,,,,,,,,,,,,,,,,,,,,,,,,,,,,,,,,,,,,,,,,,,,,,,,,,,,,,,,,,,,,,,,,,,,,,,,,,,,,,,,,,,,,Damage
Genji,Platinum,2.42,3.66,50.09,18.03,5.32,66,7270,,8.34,,,,,,,,,9.78,1.67,28,,,,,15.77,1849.39,0.05,3.54,,,,,,,,,,,,,,,,,,,,,,,,,,,,,,,,,,,,,,,,,,,,,,,,,,,,,,,,,,,,,,,,,,,,,,,,,,,,,,,,,,,,,,,,,,,,,,,,,,,,,Damage
Genji,Diamond,2.48,6.66,50.57,18.63,5.25,65,7519,,8.27,,,,,,,,,10.31,1.64,29,,,,,16.87,1827.58,0.05,3.72,,,,,,,,,,,,,,,,,,,,,,,,,,,,,,,,,,,,,,,,,,,,,,,,,,,,,,,,,,,,,,,,,,,,,,,,,,,,,,,,,,,,,,,,,,,,,,,,,,,,,Damage
Genji,Master,2.46,10.52,51.56,18.74,4.98,62,7600,,8.23,,,,,,,,,10.53,1.60,28,,,,,17.34,1827.53,0.05,3.80,,,,,,,,,,,,,,,,,,,,,,,,,,,,,,,,,,,,,,,,,,,,,,,,,,,,,,,,,,,,,,,,,,,,,,,,,,,,,,,,,,,,,,,,,,,,,,,,,,,,,Damage
Genji,Grandmaster,2.51,12.51,53.37,18.77,4.69,59,7692,,8.00,,,,,,,,,10.67,1.52,28,,,,,17.73,1804.18,0.05,3.85,,,,,,,,,,,,,,,,,,,,,,,,,,,,,,,,,,,,,,,,,,,,,,,,,,,,,,,,,,,,,,,,,,,,,,,,,,,,,,,,,,,,,,,,,,,,,,,,,,,,,Damage
Kiriko,All,4.79,7.03,46.82,8.26,3.59,69,2409,8816,5.75,,,,,,,,,,,30,14,,,,,,,,8.20,5.43,18.61,,,,,,,,,,,,,,,,,,,,,,,,,,,,,,,,,,,,,,,,,,,,,,,,,,,,,,,,,,,,,,,,,,,,,,,,,,,,,,,,,,,,,,,,,,,,,,,,,,Support
Kiriko,Bronze,4.25,3.52,43.06,7.23,3.45,70,2154,7872,6.25,,,,,,,,,,,29,13,,,,,,,,7.19,4.20,16.43,,,,,,,,,,,,,,,,,,,,,,,,,,,,,,,,,,,,,,,,,,,,,,,,,,,,,,,,,,,,,,,,,,,,,,,,,,,,,,,,,,,,,,,,,,,,,,,,,,Support
Kiriko,Silver,4.52,3.45,43.86,7.51,3.58,73,2177,8332,6.11,,,,,,,,,,,30,13,,,,,,,,7.47,4.70,17.37,,,,,,,,,,,,,,,,,,,,,,,,,,,,,,,,,,,,,,,,,,,,,,,,,,,,,,,,,,,,,,,,,,,,,,,,,,,,,,,,,,,,,,,,,,,,,,,,,,Support
Kiriko,Gold,4.72,4.30,45.48,7.80,3.59,72,2246,8616,5.94,,,,,,,,,,,30,14,,,,,,,,7.75,5.07,18.11,,,,,,,,,,,,,,,,,,,,,,,,,,,,,,,,,,,,,,,,,,,,,,,,,,,,,,,,,,,,,,,,,,,,,,,,,,,,,,,,,,,,,,,,,,,,,,,,,,Support
Kiriko,Platinum,4.80,6.53,46.71,8.06,3.59,71,2313,8895,5.77,,,,,,,,,,,31,14,,,,,,,,8.01,5.46,18.67,,,,,,,,,,,,,,,,,,,,,,,,,,,,,,,,,,,,,,,,,,,,,,,,,,,,,,,,,,,,,,,,,,,,,,,,,,,,,,,,,,,,,,,,,,,,,,,,,,Support
Kiriko,Diamond,4.95,10.38,47.10,8.42,3.60,69,2444,8994,5.65,,,,,,,,,,,31,15,,,,,,,,8.36,5.79,19.00,,,,,,,,,,,,,,,,,,,,,,,,,,,,,,,,,,,,,,,,,,,,,,,,,,,,,,,,,,,,,,,,,,,,,,,,,,,,,,,,,,,,,,,,,,,,,,,,,,Support
Kiriko,Master,4.86,14.57,47.92,8.82,3.65,66,2595,8962,5.59,,,,,,,,,,,31,15,,,,,,,,8.75,5.88,19.16,,,,,,,,,,,,,,,,,,,,,,,,,,,,,,,,,,,,,,,,,,,,,,,,,,,,,,,,,,,,,,,,,,,,,,,,,,,,,,,,,,,,,,,,,,,,,,,,,,Support
Kiriko,Grandmaster,4.74,15.94,48.96,9.22,3.54,62,2868,8821,5.63,,,,,,,,,,,31,15,,,,,,,,9.15,5.47,19.16,,,,,,,,,,,,,,,,,,,,,,,,,,,,,,,,,,,,,,,,,,,,,,,,,,,,,,,,,,,,,,,,,,,,,,,,,,,,,,,,,,,,,,,,,,,,,,,,,,Support
Moira,All,6.06,4.80,49.19,17.87,8.24,85,5399,9245,6.17,,,,,,,,,,,,,,,,,,,,,,,50,8.73,45,65,3.94,,,,,,,,,,,,,,,,,,,,,,,,,,,,,,,,,,,,,,,,,,,,,,,,,,,,,,,,,,,,,,,,,,,,,,,,,,,,,,,,,,,,,,,,,,,,,Support
Moira,Bronze,5.29,4.44,45.21,16.49,7.98,88,5098,8239,6.61,,,,,,,,,,,,,,,,,,,,,,,46,8.17,42,67,3.43,,,,,,,,,,,,,,,,,,,,,,,,,,,,,,,,,,,,,,,,,,,,,,,,,,,,,,,,,,,,,,,,,,,,,,,,,,,,,,,,,,,,,,,,,,,,,Support
Moira,Silver,5.77,3.92,47.27,17.33,8.31,88,5231,8762,6.43,,,,,,,,,,,,,,,,,,,,,,,48,8.49,44,67,3.78,,,,,,,,,,,,,,,,,,,,,,,,,,,,,,,,,,,,,,,,,,,,,,,,,,,,,,,,,,,,,,,,,,,,,,,,,,,,,,,,,,,,,,,,,,,,,Support
Moira,Gold,6.04,4.46,49.03,17.78,8.41,88,5332,9121,6.26,,,,,,,,,,,,,,,,,,,,,,,49,8.61,46,67,3.92,,,,,,,,,,,,,,,,,,,,,,,,,,,,,,,,,,,,,,,,,,,,,,,,,,,,,,,,,,,,,,,,,,,,,,,,,,,,,,,,,,,,,,,,,,,,,Support
Moira,Platinum,6.23,4.86,49.38,18.10,8.39,86,5427,9395,6.09,,,,,,,,,,,,,,,,,,,,,,,50,8.78,46,65,4.02,,,,,,,,,,,,,,,,,,,,,,,,,,,,,,,,,,,,,,,,,,,,,,,,,,,,,,,,,,,,,,,,,,,,,,,,,,,,,,,,,,,,,,,,,,,,,Support
Moira,Diamond,6.16,6.38,50.49,18.06,8.18,84,5463,9506,6.09,,,,,,,,,,,,,,,,,,,,,,,50,8.82,46,64,4.02,,,,,,,,,,,,,,,,,,,,,,,,,,,,,,,,,,,,,,,,,,,,,,,,,,,,,,,,,,,,,,,,,,,,,,,,,,,,,,,,,,,,,,,,,,,,,Support
Moira,Master,5.91,6.04,49.59,17.85,7.91,80,5475,9388,6.19,,,,,,,,,,,,,,,,,,,,,,,51,8.76,44,64,3.94,,,,,,,,,,,,,,,,,,,,,,,,,,,,,,,,,,,,,,,,,,,,,,,,,,,,,,,,,,,,,,,,,,,,,,,,,,,,,,,,,,,,,,,,,,,,,Support
Moira,Grandmaster,5.57,6.36,50.60,17.42,7.48,78,5532,9241,6.30,,,,,,,,,,,,,,,,,,,,,,,51,8.63,42,64,3.87,,,,,,,,,,,,,,,,,,,,,,,,,,,,,,,,,,,,,,,,,,,,,,,,,,,,,,,,,,,,,,,,,,,,,,,,,,,,,,,,,,,,,,,,,,,,,Support
Reinhardt,All,3.13,4.67,54.29,17.03,6.23,120,8675,,6.81,,,,,,,,,,,,,,,,,,,,,,,,,,,,72,3.98,7.51,3.45,,,,,,,,,,,,,,,,,,,,,,,,,,,,,,,,,,,,,,,,,,,,,,,,,,,,,,,,,,,,,,,,,,,,,,,,,,,,,,,,,,,,,,,,,Tank
Reinhardt,Bronze,2.82,1.81,45.39,15.24,6.07,129,7393,,7.38,,,,,,,,,,,,,,,,,,,,,,,,,,,,75,3.94,5.87,3.04,,,,,,,,,,,,,,,,,,,,,,,,,,,,,,,,,,,,,,,,,,,,,,,,,,,,,,,,,,,,,,,,,,,,,,,,,,,,,,,,,,,,,,,,,Tank
Reinhardt,Silver,3.05,2.25,50.63,16.26,6.37,130,7941,,7.07,,,,,,,,,,,,,,,,,,,,,,,,,,,,75,4.05,6.51,3.24,,,,,,,,,,,,,,,,,,,,,,,,,,,,,,,,,,,,,,,,,,,,,,,,,,,,,,,,,,,,,,,,,,,,,,,,,,,,,,,,,,,,,,,,,Tank
Reinhardt,Gold,3.13,2.93,52.97,16.83,6.43,126,8368,,6.91,,,,,,,,,,,,,,,,,,,,,,,,,,,,74,4.06,7.08,3.45,,,,,,,,,,,,,,,,,,,,,,,,,,,,,,,,,,,,,,,,,,,,,,,,,,,,,,,,,,,,,,,,,,,,,,,,,,,,,,,,,,,,,,,,,Tank
Reinhardt,Platinum,3.19,4.89,54.39,17.20,6.40,122,8718,,6.77,,,,,,,,,,,,,,,,,,,,,,,,,,,,73,4.03,7.59,3.54,,,,,,,,,,,,,,,,,,,,,,,,,,,,,,,,,,,,,,,,,,,,,,,,,,,,,,,,,,,,,,,,,,,,,,,,,,,,,,,,,,,,,,,,,Tank
Reinhardt,Diamond,3.14,7.56,55.01,17.22,6.17,117,8917,,6.75,,,,,,,,,,,,,,,,,,,,,,,,,,,,71,3.98,7.88,3.54,,,,,,,,,,,,,,,,,,,,,,,,,,,,,,,,,,,,,,,,,,,,,,,,,,,,,,,,,,,,,,,,,,,,,,,,,,,,,,,,,,,,,,,,,Tank
Reinhardt,Master,3.04,9.02,54.73,16.96,5.88,113,8887,,6.83,,,,,,,,,,,,,,,,,,,,,,,,,,,,68,3.85,7.87,3.39,,,,,,,,,,,,,,,,,,,,,,,,,,,,,,,,,,,,,,,,,,,,,,,,,,,,,,,,,,,,,,,,,,,,,,,,,,,,,,,,,,,,,,,,,Tank
Reinhardt,Grandmaster,2.94,10.75,56.01,16.32,5.45,109,8563,,6.85,,,,,,,,,,,,,,,,,,,,,,,,,,,,67,3.66,7.56,3.11,,,,,,,,,,,,,,,,,,,,,,,,,,,,,,,,,,,,,,,,,,,,,,,,,,,,,,,,,,,,,,,,,,,,,,,,,,,,,,,,,,,,,,,,,Tank
Hanzo,All,3.16,3.53,49.52,17.21,6.01,50,7779,,7.71,,,,,,,,,11.10,2.63,33,12,,,,,,,,,,,,,,,,,,,,2.59,5.45,3.77,1.83,,,,,,,,,,,,,,,,,,,,,,,,,,,,,,,,,,,,,,,,,,,,,,,,,,,,,,,,,,,,,,,,,,,,,,,,,,,,,,,,,,,,,Damage
Hanzo,Bronze,2.77,1.45,44.47,15.19,6.06,50,7067,,7.94,,,,,,,,,9.80,2.48,31,11,,,,,,,,,,,,,,,,,,,,2.36,4.67,3.01,1.96,,,,,,,,,,,,,,,,,,,,,,,,,,,,,,,,,,,,,,,,,,,,,,,,,,,,,,,,,,,,,,,,,,,,,,,,,,,,,,,,,,,,,Damage
Hanzo,Silver,3.01,1.31,45.24,16.04,6.28,53,7305,,7.88,,,,,,,,,10.24,2.52,32,11,,,,,,,,,,,,,,,,,,,,2.49,4.82,3.25,1.96,,,,,,,,,,,,,,,,,,,,,,,,,,,,,,,,,,,,,,,,,,,,,,,,,,,,,,,,,,,,,,,,,,,,,,,,,,,,,,,,,,,,,Damage
Hanzo,Gold,3.13,1.93,48.57,16.77,6.32,53,7577,,7.73,,,,,,,,,10.71,2.58,32,12,,,,,,,,,,,,,,,,,,,,2.58,5.11,3.49,1.97,,,,,,,,,,,,,,,,,,,,,,,,,,,,,,,,,,,,,,,,,,,,,,,,,,,,,,,,,,,,,,,,,,,,,,,,,,,,,,,,,,,,,Damage
Hanzo,Platinum,3.23,3.38,49.52,17.37,6.28,52,7814,,7.71,,,,,,,,,11.21,2.68,33,12,,,,,,,,,,,,,,,,,,,,2.61,5.38,3.68,1.91,,,,,,,,,,,,,,,,,,,,,,,,,,,,,,,,,,,,,,,,,,,,,,,,,,,,,,,,,,,,,,,,,,,,,,,,,,,,,,,,,,,,,Damage
Hanzo,Diamond,3.20,5.81,50.03,17.70,6.07,50,7938,,7.74,,,,,,,,,11.48,2.73,34,12,,,,,,,,,,,,,,,,,,,,2.63,5.65,3.91,1.83,,,,,,,,,,,,,,,,,,,,,,,,,,,,,,,,,,,,,,,,,,,,,,,,,,,,,,,,,,,,,,,,,,,,,,,,,,,,,,,,,,,,,Damage
Hanzo,Master,3.13,7.35,50.08,17.53,5.71,47,7932,,7.75,,,,,,,,,11.38,2.67,34,13,,,,,,,,,,,,,,,,,,,,2.61,5.80,4.07,1.72,,,,,,,,,,,,,,,,,,,,,,,,,,,,,,,,,,,,,,,,,,,,,,,,,,,,,,,,,,,,,,,,,,,,,,,,,,,,,,,,,,,,,Damage
Hanzo,Grandmaster,3.09,8.97,50.72,16.88,5.05,43,7801,,7.65,,,,,,,,,10.93,2.52,33,13,,,,,,,,,,,,,,,,,,,,2.57,5.78,4.20,1.55,,,,,,,,,,,,,,,,,,,,,,,,,,,,,,,,,,,,,,,,,,,,,,,,,,,,,,,,,,,,,,,,,,,,,,,,,,,,,,,,,,,,,Damage
Widowmaker,All,2.52,2.11,48.59,15.56,3.59,22,5793,,8.15,45,,,,,,,,10.77,4.26,,,,,,,,,,,,,,,,,,,,,,,,3.19,,1.04,,,,,,,,,,,,,,,,,,,,,,,,,,,,,,,,,,,,,,,,,,,,,,,,,,,,,,,,,,,,,,,,,,,,,,,,,,,,,,,,,,,,Damage
Widowmaker,Bronze,2.54,0.73,42.05,13.52,3.57,19,5272,,7.64,44,,,,,,,,9.01,3.69,,,,,,,,,,,,,,,,,,,,,,,,2.95,,1.40,,,,,,,,,,,,,,,,,,,,,,,,,,,,,,,,,,,,,,,,,,,,,,,,,,,,,,,,,,,,,,,,,,,,,,,,,,,,,,,,,,,,Damage
Widowmaker,Silver,2.62,0.78,44.25,14.63,3.74,19,5535,,7.79,45,,,,,,,,9.89,3.96,,,,,,,,,,,,,,,,,,,,,,,,3.07,,1.33,,,,,,,,,,,,,,,,,,,,,,,,,,,,,,,,,,,,,,,,,,,,,,,,,,,,,,,,,,,,,,,,,,,,,,,,,,,,,,,,,,,,Damage
Widowmaker,Gold,2.63,1.07,46.43,15.19,3.73,21,5714,,7.83,46,,,,,,,,10.38,4.15,,,,,,,,,,,,,,,,,,,,,,,,3.19,,1.22,,,,,,,,,,,,,,,,,,,,,,,,,,,,,,,,,,,,,,,,,,,,,,,,,,,,,,,,,,,,,,,,,,,,,,,,,,,,,,,,,,,,Damage
Widowmaker,Platinum,2.59,1.73,47.83,15.69,3.70,22,5820,,8.10,46,,,,,,,,10.85,4.31,,,,,,,,,,,,,,,,,,,,,,,,3.19,,1.11,,,,,,,,,,,,,,,,,,,,,,,,,,,,,,,,,,,,,,,,,,,,,,,,,,,,,,,,,,,,,,,,,,,,,,,,,,,,,,,,,,,,Damage
Widowmaker,Diamond,2.53,3.19,49.06,16.00,3.64,23,5905,,8.29,46,,,,,,,,11.13,4.37,,,,,,,,,,,,,,,,,,,,,,,,3.22,,1.00,,,,,,,,,,,,,,,,,,,,,,,,,,,,,,,,,,,,,,,,,,,,,,,,,,,,,,,,,,,,,,,,,,,,,,,,,,,,,,,,,,,,Damage
Widowmaker,Master,2.40,4.91,49.68,15.85,3.50,22,5846,,8.38,45,,,,,,,,11.08,4.38,,,,,,,,,,,,,,,,,,,,,,,,3.22,,0.92,,,,,,,,,,,,,,,,,,,,,,,,,,,,,,,,,,,,,,,,,,,,,,,,,,,,,,,,,,,,,,,,,,,,,,,,,,,,,,,,,,,,Damage
Widowmaker,Grandmaster,2.41,7.93,51.49,15.59,3.28,20,5816,,8.30,45,,,,,,,,10.86,4.25,,,,,,,,,,,,,,,,,,,,,,,,3.22,,0.84,,,,,,,,,,,,,,,,,,,,,,,,,,,,,,,,,,,,,,,,,,,,,,,,,,,,,,,,,,,,,,,,,,,,,,,,,,,,,,,,,,,,Damage
Soldier: 76,All,2.92,4.42,48.45,19.15,7.31,52,9144,1326,8.10,,,,,,,,,9.63,1.48,35,7,,,,,,,,,,,,,,,,,,,,1.37,,,,,57,7.24,3.19,,,,,,,,,,,,,,,,,,,,,,,,,,,,,,,,,,,,,,,,,,,,,,,,,,,,,,,,,,,,,,,,,,,,,,,,,,,,,,,,,Damage
Soldier: 76,Bronze,2.64,2.25,41.60,17.00,7.41,64,8082,1341,8.76,,,,,,,,,8.31,1.52,31,7,,,,,,,,,,,,,,,,,,,,1.13,,,,,52,5.84,3.01,,,,,,,,,,,,,,,,,,,,,,,,,,,,,,,,,,,,,,,,,,,,,,,,,,,,,,,,,,,,,,,,,,,,,,,,,,,,,,,,,Damage
Soldier: 76,Silver,2.73,2.41,44.48,18.01,7.61,62,8417,1341,8.61,,,,,,,,,8.89,1.57,32,7,,,,,,,,,,,,,,,,,,,,1.20,,,,,54,6.28,3.17,,,,,,,,,,,,,,,,,,,,,,,,,,,,,,,,,,,,,,,,,,,,,,,,,,,,,,,,,,,,,,,,,,,,,,,,,,,,,,,,,Damage
Soldier: 76,Gold,2.90,3.06,47.28,18.85,7.61,57,8802,1331,8.27,,,,,,,,,9.42,1.58,33,7,,,,,,,,,,,,,,,,,,,,1.29,,,,,56,6.76,3.24,,,,,,,,,,,,,,,,,,,,,,,,,,,,,,,,,,,,,,,,,,,,,,,,,,,,,,,,,,,,,,,,,,,,,,,,,,,,,,,,,Damage
Soldier: 76,Platinum,2.93,4.38,48.18,19.32,7.42,53,9150,1319,8.12,,,,,,,,,9.74,1.53,35,7,,,,,,,,,,,,,,,,,,,,1.35,,,,,57,7.24,3.24,,,,,,,,,,,,,,,,,,,,,,,,,,,,,,,,,,,,,,,,,,,,,,,,,,,,,,,,,,,,,,,,,,,,,,,,,,,,,,,,,Damage
Soldier: 76,Diamond,2.97,6.24,49.06,19.59,7.25,49,9418,1317,7.97,,,,,,,,,9.94,1.47,36,7,,,,,,,,,,,,,,,,,,,,1.43,,,,,58,7.65,3.22,,,,,,,,,,,,,,,,,,,,,,,,,,,,,,,,,,,,,,,,,,,,,,,,,,,,,,,,,,,,,,,,,,,,,,,,,,,,,,,,,Damage
Soldier: 76,Master,2.96,8.31,49.69,19.39,6.90,46,9511,1319,7.94,,,,,,,,,9.85,1.38,36,7,,,,,,,,,,,,,,,,,,,,1.51,,,,,57,7.79,3.12,,,,,,,,,,,,,,,,,,,,,,,,,,,,,,,,,,,,,,,,,,,,,,,,,,,,,,,,,,,,,,,,,,,,,,,,,,,,,,,,,Damage
Soldier: 76,Grandmaster,2.95,9.65,51.42,18.99,6.49,43,9622,1320,7.79,,,,,,,,,9.63,1.34,37,7,,,,,,,,,,,,,,,,,,,,1.62,,,,,56,7.68,2.95,,,,,,,,,,,,,,,,,,,,,,,,,,,,,,,,,,,,,,,,,,,,,,,,,,,,,,,,,,,,,,,,,,,,,,,,,,,,,,,,,Damage
Zenyatta,All,5.47,3.36,52.74,13.99,5.74,65,5119,6394,6.78,,,,,,,1522.24,,,,26,,,,,,,,,,,,,,,,,,,,,,,,,,,,,23,5.95,1283.67,,,,,,,,,,,,,,,,,,,,,,,,,,,,,,,,,,,,,,,,,,,,,,,,,,,,,,,,,,,,,,,,,,,,,,,,,,,,,,Support
Zenyatta,Bronze,5.00,1.36,48.70,12.71,5.77,65,4661,6070,7.42,,,,,,,1351.18,,,,24,,,,,,,,,,,,,,,,,,,,,,,,,,,,,23,4.77,1187.40,,,,,,,,,,,,,,,,,,,,,,,,,,,,,,,,,,,,,,,,,,,,,,,,,,,,,,,,,,,,,,,,,,,,,,,,,,,,,,Support
Zenyatta,Silver,5.19,1.31,48.35,13.55,6.08,69,4886,6313,7.29,,,,,,,1436.18,,,,25,,,,,,,,,,,,,,,,,,,,,,,,,,,,,23,4.80,1256.72,,,,,,,,,,,,,,,,,,,,,,,,,,,,,,,,,,,,,,,,,,,,,,,,,,,,,,,,,,,,,,,,,,,,,,,,,,,,,,Support
Zenyatta,Gold,5.47,1.80,51.21,14.00,6.10,69,5037,6402,7.10,,,,,,,1492.92,,,,26,,,,,,,,,,,,,,,,,,,,,,,,,,,,,23,5.36,1285.02,,,,,,,,,,,,,,,,,,,,,,,,,,,,,,,,,,,,,,,,,,,,,,,,,,,,,,,,,,,,,,,,,,,,,,,,,,,,,,Support
Zenyatta,Platinum,5.55,2.90,51.81,14.24,6.04,67,5140,6458,6.89,,,,,,,1534.15,,,,26,,,,,,,,,,,,,,,,,,,,,,,,,,,,,23,5.89,1303.54,,,,,,,,,,,,,,,,,,,,,,,,,,,,,,,,,,,,,,,,,,,,,,,,,,,,,,,,,,,,,,,,,,,,,,,,,,,,,,Support
Zenyatta,Diamond,5.61,5.05,52.80,14.34,5.82,65,5216,6454,6.66,,,,,,,1558.07,,,,27,,,,,,,,,,,,,,,,,,,,,,,,,,,,,23,6.27,1317.61,,,,,,,,,,,,,,,,,,,,,,,,,,,,,,,,,,,,,,,,,,,,,,,,,,,,,,,,,,,,,,,,,,,,,,,,,,,,,,Support
Zenyatta,Master,5.59,7.38,54.96,14.13,5.47,62,5204,6362,6.53,,,,,,,1553.15,,,,27,,,,,,,,,,,,,,,,,,,,,,,,,,,,,22,6.47,1270.93,,,,,,,,,,,,,,,,,,,,,,,,,,,,,,,,,,,,,,,,,,,,,,,,,,,,,,,,,,,,,,,,,,,,,,,,,,,,,,Support
Zenyatta,Grandmaster,5.28,11.33,54.18,13.37,4.74,56,5154,6213,6.37,,,,,,,1512.87,,,,26,,,,,,,,,,,,,,,,,,,,,,,,,,,,,21,6.38,1237.38,,,,,,,,,,,,,,,,,,,,,,,,,,,,,,,,,,,,,,,,,,,,,,,,,,,,,,,,,,,,,,,,,,,,,,,,,,,,,,Support
Lucio,All,3.92,2.11,50.59,12.73,5.72,97,3624,7048,7.41,,,,,,,,,,,26,8,,,,,,,,,,,,,,,,,,,,,,,,,,,,,,,29.41,9.82,,,,,,,,,,,,,,,,,,,,,,,,,,,,,,,,,,,,,,,,,,,,,,,,,,,,,,,,,,,,,,,,,,,,,,,,,,,,Support
Lucio,Bronze,3.44,1.42,44.22,10.80,5.60,111,3218,7908,7.67,,,,,,,,,,,24,8,,,,,,,,,,,,,,,,,,,,,,,,,,,,,,,24.10,10.34,,,,,,,,,,,,,,,,,,,,,,,,,,,,,,,,,,,,,,,,,,,,,,,,,,,,,,,,,,,,,,,,,,,,,,,,,,,,Support
Lucio,Silver,3.77,1.11,47.97,11.89,5.98,109,3405,7847,7.57,,,,,,,,,,,25,8,,,,,,,,,,,,,,,,,,,,,,,,,,,,,,,26.55,10.49,,,,,,,,,,,,,,,,,,,,,,,,,,,,,,,,,,,,,,,,,,,,,,,,,,,,,,,,,,,,,,,,,,,,,,,,,,,,Support
Lucio,Gold,3.87,1.37,48.65,12.42,5.97,105,3533,7637,7.49,,,,,,,,,,,26,8,,,,,,,,,,,,,,,,,,,,,,,,,,,,,,,28.28,10.18,,,,,,,,,,,,,,,,,,,,,,,,,,,,,,,,,,,,,,,,,,,,,,,,,,,,,,,,,,,,,,,,,,,,,,,,,,,,Support
Lucio,Platinum,3.96,1.95,50.82,12.81,5.85,100,3638,7310,7.40,,,,,,,,,,,26,8,,,,,,,,,,,,,,,,,,,,,,,,,,,,,,,29.56,9.95,,,,,,,,,,,,,,,,,,,,,,,,,,,,,,,,,,,,,,,,,,,,,,,,,,,,,,,,,,,,,,,,,,,,,,,,,,,,Support
Lucio,Diamond,3.98,2.79,50.94,12.95,5.68,95,3686,6846,7.46,,,,,,,,,,,27,8,,,,,,,,,,,,,,,,,,,,,,,,,,,,,,,30.32,9.63,,,,,,,,,,,,,,,,,,,,,,,,,,,,,,,,,,,,,,,,,,,,,,,,,,,,,,,,,,,,,,,,,,,,,,,,,,,,Support
Lucio,Master,3.99,3.67,50.99,13.22,5.52,88,3738,6456,7.37,,,,,,,,,,,27,8,,,,,,,,,,,,,,,,,,,,,,,,,,,,,,,30.74,9.46,,,,,,,,,,,,,,,,,,,,,,,,,,,,,,,,,,,,,,,,,,,,,,,,,,,,,,,,,,,,,,,,,,,,,,,,,,,,Support
Lucio,Grandmaster,4.10,6.72,52.56,13.02,5.15,82,3794,6189,7.11,,,,,,,,,,,26,9,,,,,,,,,,,,,,,,,,,,,,,,,,,,,,,30.56,9.65,,,,,,,,,,,,,,,,,,,,,,,,,,,,,,,,,,,,,,,,,,,,,,,,,,,,,,,,,,,,,,,,,,,,,,,,,,,,Support
D.Va,All,6.35,1.85,48.27,21.07,6.19,123,8550,,5.41,,,,,,,,,,,26,,,,,,,,,,,,,,,,,74,,,,,,,,,,,,,,,,,9.02,2.14,2.15,,,,,,,,,,,,,,,,,,,,,,,,,,,,,,,,,,,,,,,,,,,,,,,,,,,,,,,,,,,,,,,,,,,,,,,,,Tank
D.Va,Bronze,5.32,1.63,42.58,18.97,6.46,132,7489,,6.02,,,,,,,,,,,23,,,,,,,,,,,,,,,,,79,,,,,,,,,,,,,,,,,7.52,2.43,2.44,,,,,,,,,,,,,,,,,,,,,,,,,,,,,,,,,,,,,,,,,,,,,,,,,,,,,,,,,,,,,,,,,,,,,,,,,Tank
D.Va,Silver,5.80,1.35,45.33,20.47,6.66,132,8028,,5.80,,,,,,,,,,,24,,,,,,,,,,,,,,,,,78,,,,,,,,,,,,,,,,,8.29,2.43,2.45,,,,,,,,,,,,,,,,,,,,,,,,,,,,,,,,,,,,,,,,,,,,,,,,,,,,,,,,,,,,,,,,,,,,,,,,,Tank
D.Va,Gold,6.22,1.36,47.31,21.26,6.66,129,8337,,5.62,,,,,,,,,,,25,,,,,,,,,,,,,,,,,77,,,,,,,,,,,,,,,,,8.77,2.40,2.41,,,,,,,,,,,,,,,,,,,,,,,,,,,,,,,,,,,,,,,,,,,,,,,,,,,,,,,,,,,,,,,,,,,,,,,,,Tank
D.Va,Platinum,6.35,1.82,48.49,21.49,6.47,125,8585,,5.49,,,,,,,,,,,26,,,,,,,,,,,,,,,,,74,,,,,,,,,,,,,,,,,9.12,2.27,2.28,,,,,,,,,,,,,,,,,,,,,,,,,,,,,,,,,,,,,,,,,,,,,,,,,,,,,,,,,,,,,,,,,,,,,,,,,Tank
D.Va,Diamond,6.64,2.67,48.58,21.55,6.15,119,8750,,5.33,,,,,,,,,,,27,,,,,,,,,,,,,,,,,72,,,,,,,,,,,,,,,,,9.35,2.12,2.13,,,,,,,,,,,,,,,,,,,,,,,,,,,,,,,,,,,,,,,,,,,,,,,,,,,,,,,,,,,,,,,,,,,,,,,,,Tank
D.Va,Master,6.59,3.63,49.40,20.88,5.74,114,8698,,5.26,,,,,,,,,,,28,,,,,,,,,,,,,,,,,70,,,,,,,,,,,,,,,,,9.21,1.92,1.92,,,,,,,,,,,,,,,,,,,,,,,,,,,,,,,,,,,,,,,,,,,,,,,,,,,,,,,,,,,,,,,,,,,,,,,,,Tank
D.Va,Grandmaster,6.47,5.53,50.94,19.91,5.05,109,8554,,4.93,,,,,,,,,,,29,,,,,,,,,,,,,,,,,68,,,,,,,,,,,,,,,,,9.12,1.55,1.56,,,,,,,,,,,,,,,,,,,,,,,,,,,,,,,,,,,,,,,,,,,,,,,,,,,,,,,,,,,,,,,,,,,,,,,,,Tank
Junkrat,All,2.67,1.92,47.46,16.37,6.08,50,8275,,8.21,,,,,,,,,9.93,2.61,25,,,,,,,,,,,,,,,,,,,,,,,,,,,,,,,,,,,,,18,5.48,5.07,,,,,,,,,,,,,,,,,,,,,,,,,,,,,,,,,,,,,,,,,,,,,,,,,,,,,,,,,,,,,,,,,,,,,,Damage
Junkrat,Bronze,2.38,1.74,43.26,15.34,6.57,60,7670,,8.69,,,,,,,,,9.25,2.51,25,,,,,,,,,,,,,,,,,,,,,,,,,,,,,,,,,,,,,18,4.42,5.46,,,,,,,,,,,,,,,,,,,,,,,,,,,,,,,,,,,,,,,,,,,,,,,,,,,,,,,,,,,,,,,,,,,,,,Damage
Junkrat,Silver,2.58,1.74,45.91,16.00,6.61,58,8026,,8.49,,,,,,,,,9.66,2.56,26,,,,,,,,,,,,,,,,,,,,,,,,,,,,,,,,,,,,,18,4.87,5.42,,,,,,,,,,,,,,,,,,,,,,,,,,,,,,,,,,,,,,,,,,,,,,,,,,,,,,,,,,,,,,,,,,,,,,Damage
Junkrat,Gold,2.67,1.74,46.48,16.40,6.40,55,8201,,8.26,,,,,,,,,9.96,2.60,25,,,,,,,,,,,,,,,,,,,,,,,,,,,,,,,,,,,,,18,5.19,5.25,,,,,,,,,,,,,,,,,,,,,,,,,,,,,,,,,,,,,,,,,,,,,,,,,,,,,,,,,,,,,,,,,,,,,,Damage
Junkrat,Platinum,2.72,1.96,47.85,16.57,6.15,50,8373,,8.17,,,,,,,,,10.06,2.63,25,,,,,,,,,,,,,,,,,,,,,,,,,,,,,,,,,,,,,18,5.55,5.12,,,,,,,,,,,,,,,,,,,,,,,,,,,,,,,,,,,,,,,,,,,,,,,,,,,,,,,,,,,,,,,,,,,,,,Damage
Junkrat,Diamond,2.67,2.40,48.25,16.60,5.78,45,8458,,8.16,,,,,,,,,10.12,2.65,25,,,,,,,,,,,,,,,,,,,,,,,,,,,,,,,,,,,,,18,5.90,4.93,,,,,,,,,,,,,,,,,,,,,,,,,,,,,,,,,,,,,,,,,,,,,,,,,,,,,,,,,,,,,,,,,,,,,,Damage
Junkrat,Master,2.69,2.65,49.54,16.31,5.47,42,8390,,8.14,,,,,,,,,9.85,2.59,25,,,,,,,,,,,,,,,,,,,,,,,,,,,,,,,,,,,,,18,6.03,4.72,,,,,,,,,,,,,,,,,,,,,,,,,,,,,,,,,,,,,,,,,,,,,,,,,,,,,,,,,,,,,,,,,,,,,,Damage
Junkrat,Grandmaster,2.54,2.75,49.32,15.56,4.94,38,8147,,8.20,,,,,,,,,9.37,2.68,24,,,,,,,,,,,,,,,,,,,,,,,,,,,,,,,,,,,,,17,6.00,4.54,,,,,,,,,,,,,,,,,,,,,,,,,,,,,,,,,,,,,,,,,,,,,,,,,,,,,,,,,,,,,,,,,,,,,,Damage
Ashe,All,2.70,2.51,49.32,17.03,6.01,49,8836,,7.51,41,,,,,,,,8.92,1.65,,,,,,,,,,,,,,,,,,,,,,,,,,,,,,,,,,,,,,,,,1.85,5.36,2.69,,,,,,,,,,,,,,,,,,,,,,,,,,,,,,,,,,,,,,,,,,,,,,,,,,,,,,,,,,,,,,,,,,,Damage
Ashe,Bronze,2.38,1.04,42.57,14.24,5.96,55,7192,,7.72,38,,,,,,,,7.28,1.66,,,,,,,,,,,,,,,,,,,,,,,,,,,,,,,,,,,,,,,,,1.82,4.09,2.71,,,,,,,,,,,,,,,,,,,,,,,,,,,,,,,,,,,,,,,,,,,,,,,,,,,,,,,,,,,,,,,,,,,Damage
Ashe,Silver,2.62,1.11,45.71,15.40,6.16,54,7715,,7.47,39,,,,,,,,7.89,1.70,,,,,,,,,,,,,,,,,,,,,,,,,,,,,,,,,,,,,,,,,1.86,4.58,2.72,,,,,,,,,,,,,,,,,,,,,,,,,,,,,,,,,,,,,,,,,,,,,,,,,,,,,,,,,,,,,,,,,,,Damage
Ashe,Gold,2.70,1.62,48.19,16.34,6.22,53,8215,,7.37,40,,,,,,,,8.39,1.71,,,,,,,,,,,,,,,,,,,,,,,,,,,,,,,,,,,,,,,,,1.87,5.01,2.74,,,,,,,,,,,,,,,,,,,,,,,,,,,,,,,,,,,,,,,,,,,,,,,,,,,,,,,,,,,,,,,,,,,Damage
Ashe,Platinum,2.74,2.39,49.36,17.09,6.21,50,8725,,7.44,41,,,,,,,,8.90,1.71,,,,,,,,,,,,,,,,,,,,,,,,,,,,,,,,,,,,,,,,,1.87,5.41,2.74,,,,,,,,,,,,,,,,,,,,,,,,,,,,,,,,,,,,,,,,,,,,,,,,,,,,,,,,,,,,,,,,,,,Damage
Ashe,Diamond,2.72,4.11,49.43,17.56,6.06,48,9153,,7.55,42,,,,,,,,9.26,1.68,,,,,,,,,,,,,,,,,,,,,,,,,,,,,,,,,,,,,,,,,1.87,5.63,2.69,,,,,,,,,,,,,,,,,,,,,,,,,,,,,,,,,,,,,,,,,,,,,,,,,,,,,,,,,,,,,,,,,,,Damage
Ashe,Master,2.68,5.05,51.28,17.66,5.71,44,9438,,7.65,42,,,,,,,,9.37,1.59,,,,,,,,,,,,,,,,,,,,,,,,,,,,,,,,,,,,,,,,,1.84,5.70,2.61,,,,,,,,,,,,,,,,,,,,,,,,,,,,,,,,,,,,,,,,,,,,,,,,,,,,,,,,,,,,,,,,,,,Damage
Ashe,Grandmaster,2.69,4.95,51.18,17.76,5.29,41,9893,,7.76,43,,,,,,,,9.55,1.44,,,,,,,,,,,,,,,,,,,,,,,,,,,,,,,,,,,,,,,,,1.82,5.73,2.52,,,,,,,,,,,,,,,,,,,,,,,,,,,,,,,,,,,,,,,,,,,,,,,,,,,,,,,,,,,,,,,,,,,Damage
Tracer,All,2.47,2.19,48.92,17.72,6.21,59,6638,,8.30,,,,,,,,,8.18,1.88,34,8,,,,,,,,,,,,,,,,,,,,,,,,,,,,,,,,,,,,,,,,,,905.65,4.90,1.53,1.89,,,,,,,,,,,,,,,,,,,,,,,,,,,,,,,,,,,,,,,,,,,,,,,,,,,,,,,,,,,,,,,Damage
Tracer,Bronze,2.24,0.64,39.43,14.98,5.98,65,5758,,8.62,,,,,,,,,6.80,1.88,31,8,,,,,,,,,,,,,,,,,,,,,,,,,,,,,,,,,,,,,,,,,,838.37,4.66,1.45,2.04,,,,,,,,,,,,,,,,,,,,,,,,,,,,,,,,,,,,,,,,,,,,,,,,,,,,,,,,,,,,,,,Damage
Tracer,Silver,2.42,0.67,44.77,16.33,6.28,67,6126,,8.51,,,,,,,,,7.37,1.94,32,8,,,,,,,,,,,,,,,,,,,,,,,,,,,,,,,,,,,,,,,,,,873.48,4.77,1.50,2.12,,,,,,,,,,,,,,,,,,,,,,,,,,,,,,,,,,,,,,,,,,,,,,,,,,,,,,,,,,,,,,,Damage
Tracer,Gold,2.47,0.86,45.57,17.11,6.35,63,6338,,8.39,,,,,,,,,7.76,1.93,32,8,,,,,,,,,,,,,,,,,,,,,,,,,,,,,,,,,,,,,,,,,,886.21,4.87,1.51,2.04,,,,,,,,,,,,,,,,,,,,,,,,,,,,,,,,,,,,,,,,,,,,,,,,,,,,,,,,,,,,,,,Damage
Tracer,Platinum,2.45,1.54,46.75,17.62,6.36,62,6556,,8.44,,,,,,,,,8.10,1.92,33,9,,,,,,,,,,,,,,,,,,,,,,,,,,,,,,,,,,,,,,,,,,907.72,4.95,1.53,1.96,,,,,,,,,,,,,,,,,,,,,,,,,,,,,,,,,,,,,,,,,,,,,,,,,,,,,,,,,,,,,,,Damage
Tracer,Diamond,2.48,3.14,48.50,17.97,6.33,59,6683,,8.44,,,,,,,,,8.31,1.89,34,9,,,,,,,,,,,,,,,,,,,,,,,,,,,,,,,,,,,,,,,,,,916.25,4.95,1.53,1.88,,,,,,,,,,,,,,,,,,,,,,,,,,,,,,,,,,,,,,,,,,,,,,,,,,,,,,,,,,,,,,,Damage
Tracer,Master,2.45,4.85,49.24,18.16,6.17,57,6803,,8.30,,,,,,,,,8.42,1.85,35,9,,,,,,,,,,,,,,,,,,,,,,,,,,,,,,,,,,,,,,,,,,917.78,4.94,1.54,1.80,,,,,,,,,,,,,,,,,,,,,,,,,,,,,,,,,,,,,,,,,,,,,,,,,,,,,,,,,,,,,,,Damage
Tracer,Grandmaster,2.64,11.98,52.55,18.28,5.74,53,7071,,7.71,,,,,,,,,8.63,1.83,35,8,,,,,,,,,,,,,,,,,,,,,,,,,,,,,,,,,,,,,,,,,,919.51,4.84,1.63,1.80,,,,,,,,,,,,,,,,,,,,,,,,,,,,,,,,,,,,,,,,,,,,,,,,,,,,,,,,,,,,,,,Damage
Roadhog,All,3.72,0.71,40.19,17.28,7.85,114,8122,,6.74,,,,,,,,,,,27,,,,,,,,,,,,,,,,,71,,,,,,,,,,,,,,,,,,,,,,,,,,5183.32,,,,8.48,54.79,3.23,,,,,,,,,,,,,,,,,,,,,,,,,,,,,,,,,,,,,,,,,,,,,,,,,,,,,,,,,,,,Tank
Roadhog,Bronze,3.07,0.35,34.10,14.52,7.24,117,6745,,7.30,,,,,,,,,,,24,,,,,,,,,,,,,,,,,73,,,,,,,,,,,,,,,,,,,,,,,,,,4893.43,,,,6.57,51.84,2.80,,,,,,,,,,,,,,,,,,,,,,,,,,,,,,,,,,,,,,,,,,,,,,,,,,,,,,,,,,,,Tank
Roadhog,Silver,3.30,0.37,35.67,15.53,7.61,119,7125,,7.09,,,,,,,,,,,25,,,,,,,,,,,,,,,,,74,,,,,,,,,,,,,,,,,,,,,,,,,,5026.05,,,,7.21,53.67,2.89,,,,,,,,,,,,,,,,,,,,,,,,,,,,,,,,,,,,,,,,,,,,,,,,,,,,,,,,,,,,Tank
Roadhog,Gold,3.68,0.46,38.83,16.66,7.93,116,7700,,6.89,,,,,,,,,,,26,,,,,,,,,,,,,,,,,74,,,,,,,,,,,,,,,,,,,,,,,,,,5033.64,,,,7.93,54.60,3.16,,,,,,,,,,,,,,,,,,,,,,,,,,,,,,,,,,,,,,,,,,,,,,,,,,,,,,,,,,,,Tank
Roadhog,Platinum,3.69,0.70,39.09,17.32,7.94,116,8138,,6.79,,,,,,,,,,,27,,,,,,,,,,,,,,,,,73,,,,,,,,,,,,,,,,,,,,,,,,,,5126.22,,,,8.46,55.16,3.21,,,,,,,,,,,,,,,,,,,,,,,,,,,,,,,,,,,,,,,,,,,,,,,,,,,,,,,,,,,,Tank
Roadhog,Diamond,3.83,1.22,40.90,17.89,7.86,111,8445,,6.70,,,,,,,,,,,27,,,,,,,,,,,,,,,,,69,,,,,,,,,,,,,,,,,,,,,,,,,,5157.20,,,,8.92,55.21,3.33,,,,,,,,,,,,,,,,,,,,,,,,,,,,,,,,,,,,,,,,,,,,,,,,,,,,,,,,,,,,Tank
Roadhog,Master,3.81,1.38,41.03,17.86,7.62,107,8470,,6.63,,,,,,,,,,,28,,,,,,,,,,,,,,,,,65,,,,,,,,,,,,,,,,,,,,,,,,,,5240.59,,,,9.04,54.78,3.31,,,,,,,,,,,,,,,,,,,,,,,,,,,,,,,,,,,,,,,,,,,,,,,,,,,,,,,,,,,,Tank
Roadhog,Grandmaster,3.78,1.68,42.66,17.12,7.21,106,8218,,6.50,,,,,,,,,,,27,,,,,,,,,,,,,,,,,64,,,,,,,,,,,,,,,,,,,,,,,,,,5350.27,,,,8.66,53.68,3.23,,,,,,,,,,,,,,,,,,,,,,,,,,,,,,,,,,,,,,,,,,,,,,,,,,,,,,,,,,,,Tank
Zarya,All,4.74,1.69,46.25,19.95,9.07,125,9927,,6.26,,,,,,,,,,,,,,,,,,,,,,,41,,,,,74,,,,,,,,,,,,,,,,,,,,,,,,,,,,,,,,,46,12.87,38.40,3.35,,,,,,,,,,,,,,,,,,,,,,,,,,,,,,,,,,,,,,,,,,,,,,,,,,,,,,,,Tank
Zarya,Bronze,3.97,0.72,39.27,17.34,8.65,133,8415,,6.74,,,,,,,,,,,,,,,,,,,,,,,39,,,,,80,,,,,,,,,,,,,,,,,,,,,,,,,,,,,,,,,41,10.07,33.75,2.63,,,,,,,,,,,,,,,,,,,,,,,,,,,,,,,,,,,,,,,,,,,,,,,,,,,,,,,,Tank
Zarya,Silver,4.34,0.99,42.98,18.62,9.06,132,8995,,6.56,,,,,,,,,,,,,,,,,,,,,,,39,,,,,78,,,,,,,,,,,,,,,,,,,,,,,,,,,,,,,,,43,11.30,35.74,2.89,,,,,,,,,,,,,,,,,,,,,,,,,,,,,,,,,,,,,,,,,,,,,,,,,,,,,,,,Tank
Zarya,Gold,4.65,1.36,45.51,19.52,9.12,128,9476,,6.37,,,,,,,,,,,,,,,,,,,,,,,40,,,,,76,,,,,,,,,,,,,,,,,,,,,,,,,,,,,,,,,45,12.17,37.08,3.15,,,,,,,,,,,,,,,,,,,,,,,,,,,,,,,,,,,,,,,,,,,,,,,,,,,,,,,,Tank
Zarya,Platinum,4.79,1.81,46.18,20.13,9.21,127,9922,,6.25,,,,,,,,,,,,,,,,,,,,,,,41,,,,,75,,,,,,,,,,,,,,,,,,,,,,,,,,,,,,,,,46,12.93,38.31,3.35,,,,,,,,,,,,,,,,,,,,,,,,,,,,,,,,,,,,,,,,,,,,,,,,,,,,,,,,Tank
Zarya,Diamond,4.83,2.54,45.86,20.31,9.07,123,10191,,6.20,,,,,,,,,,,,,,,,,,,,,,,41,,,,,72,,,,,,,,,,,,,,,,,,,,,,,,,,,,,,,,,47,13.27,39.10,3.49,,,,,,,,,,,,,,,,,,,,,,,,,,,,,,,,,,,,,,,,,,,,,,,,,,,,,,,,Tank
Zarya,Master,4.86,2.69,47.08,20.19,8.87,117,10345,,6.13,,,,,,,,,,,,,,,,,,,,,,,42,,,,,69,,,,,,,,,,,,,,,,,,,,,,,,,,,,,,,,,47,13.47,39.73,3.57,,,,,,,,,,,,,,,,,,,,,,,,,,,,,,,,,,,,,,,,,,,,,,,,,,,,,,,,Tank
Zarya,Grandmaster,4.91,3.15,48.78,19.68,8.42,111,10283,,5.98,,,,,,,,,,,,,,,,,,,,,,,41,,,,,66,,,,,,,,,,,,,,,,,,,,,,,,,,,,,,,,,47,13.53,40.84,3.52,,,,,,,,,,,,,,,,,,,,,,,,,,,,,,,,,,,,,,,,,,,,,,,,,,,,,,,,Tank
Reaper,All,2.83,2.08,48.70,19.76,7.64,74,8235,,8.06,,,,,,,,,10.83,1.98,30,10,,,,,,,,,,,,,,,,,,,,,,,,,,,,,,,,,,,,,,,,,,1554.71,,,,,,,,,,,4.11,,,,,,,,,,,,,,,,,,,,,,,,,,,,,,,,,,,,,,,,,,,,,,,,,,,,,,,Damage
Reaper,Bronze,2.66,1.19,44.71,17.90,7.51,80,7272,,8.28,,,,,,,,,9.84,2.12,27,9,,,,,,,,,,,,,,,,,,,,,,,,,,,,,,,,,,,,,,,,,,1394.24,,,,,,,,,,,3.94,,,,,,,,,,,,,,,,,,,,,,,,,,,,,,,,,,,,,,,,,,,,,,,,,,,,,,,Damage
Reaper,Silver,2.68,1.34,45.45,18.82,7.63,78,7567,,8.21,,,,,,,,,10.33,2.18,28,9,,,,,,,,,,,,,,,,,,,,,,,,,,,,,,,,,,,,,,,,,,1439.99,,,,,,,,,,,4.05,,,,,,,,,,,,,,,,,,,,,,,,,,,,,,,,,,,,,,,,,,,,,,,,,,,,,,,Damage
Reaper,Gold,2.84,1.59,47.73,19.47,7.74,77,7958,,8.11,,,,,,,,,10.70,2.08,29,10,,,,,,,,,,,,,,,,,,,,,,,,,,,,,,,,,,,,,,,,,,1513.36,,,,,,,,,,,4.18,,,,,,,,,,,,,,,,,,,,,,,,,,,,,,,,,,,,,,,,,,,,,,,,,,,,,,,Damage
Reaper,Platinum,2.82,2.34,48.97,19.97,7.72,74,8317,,8.07,,,,,,,,,11.00,1.98,30,10,,,,,,,,,,,,,,,,,,,,,,,,,,,,,,,,,,,,,,,,,,1568.09,,,,,,,,,,,4.19,,,,,,,,,,,,,,,,,,,,,,,,,,,,,,,,,,,,,,,,,,,,,,,,,,,,,,,Damage
Reaper,Diamond,2.89,3.16,49.51,20.25,7.66,72,8576,,8.02,,,,,,,,,11.15,1.93,31,10,,,,,,,,,,,,,,,,,,,,,,,,,,,,,,,,,,,,,,,,,,1612.42,,,,,,,,,,,4.12,,,,,,,,,,,,,,,,,,,,,,,,,,,,,,,,,,,,,,,,,,,,,,,,,,,,,,,Damage
Reaper,Master,2.85,3.18,49.50,20.16,7.53,71,8650,,8.01,,,,,,,,,10.99,1.85,31,9,,,,,,,,,,,,,,,,,,,,,,,,,,,,,,,,,,,,,,,,,,1623.68,,,,,,,,,,,4.00,,,,,,,,,,,,,,,,,,,,,,,,,,,,,,,,,,,,,,,,,,,,,,,,,,,,,,,Damage
Reaper,Grandmaster,2.80,2.53,49.08,19.37,7.11,70,8578,,7.94,,,,,,,,,10.43,1.75,31,9,,,,,,,,,,,,,,,,,,,,,,,,,,,,,,,,,,,,,,,,,,1612.91,,,,,,,,,,,3.80,,,,,,,,,,,,,,,,,,,,,,,,,,,,,,,,,,,,,,,,,,,,,,,,,,,,,,,Damage
Baptiste,All,4.52,2.77,48.35,10.87,4.68,60,3663,9108,6.37,,,,,,,554.17,,,,31,8,,,,,,,,,,,,,,,,,,,,,,,,,,,,,,,,,,,,,,,,,,,,,,,,,,,,,,66.10,2.40,1.78,,,,,,,,,,,,,,,,,,,,,,,,,,,,,,,,,,,,,,,,,,,,,,,,,,,,Support
Baptiste,Bronze,3.88,1.60,42.36,9.23,4.33,66,3148,7846,7.01,,,,,,,420.92,,,,27,8,,,,,,,,,,,,,,,,,,,,,,,,,,,,,,,,,,,,,,,,,,,,,,,,,,,,,,60.00,2.27,1.52,,,,,,,,,,,,,,,,,,,,,,,,,,,,,,,,,,,,,,,,,,,,,,,,,,,,Support
Baptiste,Silver,4.08,1.30,42.84,10.04,4.77,69,3344,8307,6.88,,,,,,,483.07,,,,28,8,,,,,,,,,,,,,,,,,,,,,,,,,,,,,,,,,,,,,,,,,,,,,,,,,,,,,,62.40,2.30,1.68,,,,,,,,,,,,,,,,,,,,,,,,,,,,,,,,,,,,,,,,,,,,,,,,,,,,Support
Baptiste,Gold,4.33,1.79,46.63,10.32,4.78,65,3398,8720,6.64,,,,,,,513.44,,,,30,8,,,,,,,,,,,,,,,,,,,,,,,,,,,,,,,,,,,,,,,,,,,,,,,,,,,,,,64.24,2.32,1.73,,,,,,,,,,,,,,,,,,,,,,,,,,,,,,,,,,,,,,,,,,,,,,,,,,,,Support
Baptiste,Platinum,4.52,2.49,47.17,10.78,4.75,61,3585,9035,6.39,,,,,,,545.69,,,,31,9,,,,,,,,,,,,,,,,,,,,,,,,,,,,,,,,,,,,,,,,,,,,,,,,,,,,,,65.97,2.38,1.78,,,,,,,,,,,,,,,,,,,,,,,,,,,,,,,,,,,,,,,,,,,,,,,,,,,,Support
Baptiste,Diamond,4.70,4.25,49.71,11.23,4.75,58,3769,9312,6.20,,,,,,,581.43,,,,32,9,,,,,,,,,,,,,,,,,,,,,,,,,,,,,,,,,,,,,,,,,,,,,,,,,,,,,,67.30,2.43,1.81,,,,,,,,,,,,,,,,,,,,,,,,,,,,,,,,,,,,,,,,,,,,,,,,,,,,Support
Baptiste,Master,4.72,4.66,49.75,11.49,4.65,54,3932,9511,6.15,,,,,,,598.28,,,,33,8,,,,,,,,,,,,,,,,,,,,,,,,,,,,,,,,,,,,,,,,,,,,,,,,,,,,,,68.01,2.53,1.85,,,,,,,,,,,,,,,,,,,,,,,,,,,,,,,,,,,,,,,,,,,,,,,,,,,,Support
Baptiste,Grandmaster,4.84,7.61,53.08,11.74,4.46,52,4231,9920,6.01,,,,,,,627.51,,,,33,8,,,,,,,,,,,,,,,,,,,,,,,,,,,,,,,,,,,,,,,,,,,,,,,,,,,,,,69.02,2.57,1.87,,,,,,,,,,,,,,,,,,,,,,,,,,,,,,,,,,,,,,,,,,,,,,,,,,,,Support
Orisa,All,3.78,2.01,43.87,18.02,8.09,125,9404,,7.03,,,,,,,,,,,33,,,,,,,,,,,,,,,,,80,,,,,,,,,,,,,,,,,,,,,,,,,,,,,,,,,,,,,,,,,6.01,3.65,3.59,,,,,,,,,,,,,,,,,,,,,,,,,,,,,,,,,,,,,,,,,,,,,,,,,Tank
Orisa,Bronze,3.19,1.31,37.88,15.49,7.81,130,8149,,7.57,,,,,,,,,,,31,,,,,,,,,,,,,,,,,80,,,,,,,,,,,,,,,,,,,,,,,,,,,,,,,,,,,,,,,,,4.66,2.64,2.87,,,,,,,,,,,,,,,,,,,,,,,,,,,,,,,,,,,,,,,,,,,,,,,,,Tank
Orisa,Silver,3.58,1.54,41.51,16.90,8.24,133,8744,,7.31,,,,,,,,,,,32,,,,,,,,,,,,,,,,,82,,,,,,,,,,,,,,,,,,,,,,,,,,,,,,,,,,,,,,,,,5.16,3.16,3.27,,,,,,,,,,,,,,,,,,,,,,,,,,,,,,,,,,,,,,,,,,,,,,,,,Tank
Orisa,Gold,3.66,1.73,43.92,17.57,8.17,129,9154,,7.15,,,,,,,,,,,33,,,,,,,,,,,,,,,,,81,,,,,,,,,,,,,,,,,,,,,,,,,,,,,,,,,,,,,,,,,5.61,3.51,3.51,,,,,,,,,,,,,,,,,,,,,,,,,,,,,,,,,,,,,,,,,,,,,,,,,Tank
Orisa,Platinum,3.79,2.24,44.59,18.26,8.17,125,9497,,7.01,,,,,,,,,,,33,,,,,,,,,,,,,,,,,80,,,,,,,,,,,,,,,,,,,,,,,,,,,,,,,,,,,,,,,,,6.08,3.79,3.68,,,,,,,,,,,,,,,,,,,,,,,,,,,,,,,,,,,,,,,,,,,,,,,,,Tank
Orisa,Diamond,3.92,2.75,44.05,18.52,7.99,121,9694,,6.92,,,,,,,,,,,33,,,,,,,,,,,,,,,,,78,,,,,,,,,,,,,,,,,,,,,,,,,,,,,,,,,,,,,,,,,6.42,3.85,3.72,,,,,,,,,,,,,,,,,,,,,,,,,,,,,,,,,,,,,,,,,,,,,,,,,Tank
Orisa,Master,3.83,2.72,43.59,18.36,7.79,119,9586,,6.91,,,,,,,,,,,33,,,,,,,,,,,,,,,,,77,,,,,,,,,,,,,,,,,,,,,,,,,,,,,,,,,,,,,,,,,6.54,3.38,3.63,,,,,,,,,,,,,,,,,,,,,,,,,,,,,,,,,,,,,,,,,,,,,,,,,Tank
Orisa,Grandmaster,3.83,2.58,43.89,17.89,7.53,117,9299,,6.86,,,,,,,,,,,32,,,,,,,,,,,,,,,,,76,,,,,,,,,,,,,,,,,,,,,,,,,,,,,,,,,,,,,,,,,6.46,3.01,3.51,,,,,,,,,,,,,,,,,,,,,,,,,,,,,,,,,,,,,,,,,,,,,,,,,Tank
Pharah,All,3.08,1.64,50.61,20.73,6.51,39,9129,,8.45,,,,,,,,,12.43,2.37,46,,,,,,,,,,,,,,,,,,,,,1.27,,,,,,,,,,,,,,,,16,,,,,,,,,,,,,,,,,,,,,,,,66.83,3.73,,,,,,,,,,,,,,,,,,,,,,,,,,,,,,,,,,,,,,,,,,,,,,,Damage
Pharah,Bronze,2.85,0.94,45.59,17.93,6.54,42,8056,,8.24,,,,,,,,,10.20,2.55,44,,,,,,,,,,,,,,,,,,,,,1.27,,,,,,,,,,,,,,,,15,,,,,,,,,,,,,,,,,,,,,,,,60.63,3.23,,,,,,,,,,,,,,,,,,,,,,,,,,,,,,,,,,,,,,,,,,,,,,,Damage
Pharah,Silver,3.11,1.07,49.07,19.49,6.77,42,8495,,8.33,,,,,,,,,11.37,2.67,46,,,,,,,,,,,,,,,,,,,,,1.25,,,,,,,,,,,,,,,,16,,,,,,,,,,,,,,,,,,,,,,,,62.47,3.54,,,,,,,,,,,,,,,,,,,,,,,,,,,,,,,,,,,,,,,,,,,,,,,Damage
Pharah,Gold,3.13,1.20,49.56,20.24,6.76,41,8771,,8.32,,,,,,,,,11.93,2.62,47,,,,,,,,,,,,,,,,,,,,,1.23,,,,,,,,,,,,,,,,16,,,,,,,,,,,,,,,,,,,,,,,,64.38,3.63,,,,,,,,,,,,,,,,,,,,,,,,,,,,,,,,,,,,,,,,,,,,,,,Damage
Pharah,Platinum,3.12,1.65,50.63,20.91,6.62,39,9121,,8.45,,,,,,,,,12.53,2.49,47,,,,,,,,,,,,,,,,,,,,,1.27,,,,,,,,,,,,,,,,16,,,,,,,,,,,,,,,,,,,,,,,,66.52,3.76,,,,,,,,,,,,,,,,,,,,,,,,,,,,,,,,,,,,,,,,,,,,,,,Damage
Pharah,Diamond,3.08,2.35,51.00,21.42,6.47,38,9433,,8.56,,,,,,,,,12.99,2.30,47,,,,,,,,,,,,,,,,,,,,,1.27,,,,,,,,,,,,,,,,16,,,,,,,,,,,,,,,,,,,,,,,,68.55,3.88,,,,,,,,,,,,,,,,,,,,,,,,,,,,,,,,,,,,,,,,,,,,,,,Damage
Pharah,Master,3.01,3.14,52.68,21.35,6.13,35,9577,,8.56,,,,,,,,,13.07,2.02,46,,,,,,,,,,,,,,,,,,,,,1.32,,,,,,,,,,,,,,,,16,,,,,,,,,,,,,,,,,,,,,,,,70.39,3.84,,,,,,,,,,,,,,,,,,,,,,,,,,,,,,,,,,,,,,,,,,,,,,,Damage
Pharah,Grandmaster,3.00,3.03,53.11,21.08,5.87,32,9720,,8.47,,,,,,,,,13.01,1.80,44,,,,,,,,,,,,,,,,,,,,,1.39,,,,,,,,,,,,,,,,16,,,,,,,,,,,,,,,,,,,,,,,,72.04,3.79,,,,,,,,,,,,,,,,,,,,,,,,,,,,,,,,,,,,,,,,,,,,,,,Damage
Sigma,All,4.94,2.24,50.82,18.72,8.37,130,10093,,5.08,,,,,,,,,,,51,,,,,,,,,,,,,,,,,71,,,,,,,,,,,,,,,,,,,,,,,,,,,,,,,,,,,,,,,,,,,,,,5.53,1300.47,2.67,,,,,,,,,,,,,,,,,,,,,,,,,,,,,,,,,,,,,,,,,,,,Tank
Sigma,Bronze,4.06,1.26,44.52,16.21,8.55,138,8706,,5.56,,,,,,,,,,,47,,,,,,,,,,,,,,,,,81,,,,,,,,,,,,,,,,,,,,,,,,,,,,,,,,,,,,,,,,,,,,,,4.52,1304.95,2.21,,,,,,,,,,,,,,,,,,,,,,,,,,,,,,,,,,,,,,,,,,,,Tank
Sigma,Silver,4.60,1.35,46.84,17.59,8.90,138,9286,,5.41,,,,,,,,,,,49,,,,,,,,,,,,,,,,,80,,,,,,,,,,,,,,,,,,,,,,,,,,,,,,,,,,,,,,,,,,,,,,5.01,1328.75,2.51,,,,,,,,,,,,,,,,,,,,,,,,,,,,,,,,,,,,,,,,,,,,Tank
Sigma,Gold,4.88,1.52,48.93,18.40,8.88,135,9669,,5.21,,,,,,,,,,,50,,,,,,,,,,,,,,,,,77,,,,,,,,,,,,,,,,,,,,,,,,,,,,,,,,,,,,,,,,,,,,,,5.33,1342.10,2.64,,,,,,,,,,,,,,,,,,,,,,,,,,,,,,,,,,,,,,,,,,,,Tank
Sigma,Platinum,5.01,2.12,50.52,18.88,8.64,131,10066,,5.08,,,,,,,,,,,51,,,,,,,,,,,,,,,,,74,,,,,,,,,,,,,,,,,,,,,,,,,,,,,,,,,,,,,,,,,,,,,,5.54,1326.84,2.74,,,,,,,,,,,,,,,,,,,,,,,,,,,,,,,,,,,,,,,,,,,,Tank
Sigma,Diamond,5.09,3.09,50.86,19.16,8.30,126,10337,,5.04,,,,,,,,,,,52,,,,,,,,,,,,,,,,,69,,,,,,,,,,,,,,,,,,,,,,,,,,,,,,,,,,,,,,,,,,,,,,5.72,1278.14,2.75,,,,,,,,,,,,,,,,,,,,,,,,,,,,,,,,,,,,,,,,,,,,Tank
Sigma,Master,4.91,3.91,51.89,18.95,7.79,123,10391,,5.03,,,,,,,,,,,53,,,,,,,,,,,,,,,,,64,,,,,,,,,,,,,,,,,,,,,,,,,,,,,,,,,,,,,,,,,,,,,,5.74,1234.47,2.68,,,,,,,,,,,,,,,,,,,,,,,,,,,,,,,,,,,,,,,,,,,,Tank
Sigma,Grandmaster,4.66,5.83,53.24,18.22,7.01,118,10365,,4.98,,,,,,,,,,,53,,,,,,,,,,,,,,,,,57,,,,,,,,,,,,,,,,,,,,,,,,,,,,,,,,,,,,,,,,,,,,,,5.52,1215.02,2.48,,,,,,,,,,,,,,,,,,,,,,,,,,,,,,,,,,,,,,,,,,,,Tank
Doomfist,All,3.39,1.65,50.82,18.31,6.00,90,8076,,7.71,,,,,,,,,,,28,,,,,,,,,,,,,,,,,58,,,,,,,,,,,,,,,,,,,,,,,,,,,,,,,,,,,,,,,,,,,,,,,2743.89,,10.30,8.93,2.42,,,,,,,,,,,,,,,,,,,,,,,,,,,,,,,,,,,,,,,,,Tank
Doomfist,Bronze,3.16,0.28,42.13,15.51,5.84,95,6846,,8.29,,,,,,,,,,,26,,,,,,,,,,,,,,,,,62,,,,,,,,,,,,,,,,,,,,,,,,,,,,,,,,,,,,,,,,,,,,,,,2526.13,,8.69,7.44,2.27,,,,,,,,,,,,,,,,,,,,,,,,,,,,,,,,,,,,,,,,,Tank
Doomfist,Silver,3.35,0.45,48.14,16.78,6.33,101,7290,,7.93,,,,,,,,,,,27,,,,,,,,,,,,,,,,,64,,,,,,,,,,,,,,,,,,,,,,,,,,,,,,,,,,,,,,,,,,,,,,,2684.91,,9.53,8.29,2.44,,,,,,,,,,,,,,,,,,,,,,,,,,,,,,,,,,,,,,,,,Tank
Doomfist,Gold,3.26,0.69,48.06,17.31,6.19,97,7620,,8.05,,,,,,,,,,,28,,,,,,,,,,,,,,,,,62,,,,,,,,,,,,,,,,,,,,,,,,,,,,,,,,,,,,,,,,,,,,,,,2712.22,,9.85,8.58,2.47,,,,,,,,,,,,,,,,,,,,,,,,,,,,,,,,,,,,,,,,,Tank
Doomfist,Platinum,3.38,1.35,50.42,18.16,6.12,93,7995,,7.75,,,,,,,,,,,28,,,,,,,,,,,,,,,,,59,,,,,,,,,,,,,,,,,,,,,,,,,,,,,,,,,,,,,,,,,,,,,,,2782.90,,10.35,8.94,2.47,,,,,,,,,,,,,,,,,,,,,,,,,,,,,,,,,,,,,,,,,Tank
Doomfist,Diamond,3.39,2.84,51.50,18.69,6.00,88,8249,,7.71,,,,,,,,,,,29,,,,,,,,,,,,,,,,,56,,,,,,,,,,,,,,,,,,,,,,,,,,,,,,,,,,,,,,,,,,,,,,,2781.58,,10.58,9.12,2.43,,,,,,,,,,,,,,,,,,,,,,,,,,,,,,,,,,,,,,,,,Tank
Doomfist,Master,3.40,3.54,51.01,18.90,5.79,84,8309,,7.61,,,,,,,,,,,29,,,,,,,,,,,,,,,,,54,,,,,,,,,,,,,,,,,,,,,,,,,,,,,,,,,,,,,,,,,,,,,,,2722.39,,10.52,9.08,2.37,,,,,,,,,,,,,,,,,,,,,,,,,,,,,,,,,,,,,,,,,Tank
Doomfist,Grandmaster,3.43,6.89,51.89,18.78,5.63,82,8354,,7.53,,,,,,,,,,,29,,,,,,,,,,,,,,,,,53,,,,,,,,,,,,,,,,,,,,,,,,,,,,,,,,,,,,,,,,,,,,,,,2645.10,,10.17,8.98,2.22,,,,,,,,,,,,,,,,,,,,,,,,,,,,,,,,,,,,,,,,,Tank
Brigitte,All,4.67,1.47,52.40,12.11,4.95,87,3710,8452,7.47,,,,,,,,,,,,,,,,,,,,,,,,,,,,,,,,,,,,,,,,,,,,,,,,,,,,,,,,,,,,,,,,,,,,,,,,,,,1394.51,,,,,32,,,,,,,,,,,,,,,,,,,,,,,,,,,,,,,,,,,,,,,,Support
Brigitte,Bronze,3.85,0.70,46.01,11.28,4.93,93,3383,7502,8.39,,,,,,,,,,,,,,,,,,,,,,,,,,,,,,,,,,,,,,,,,,,,,,,,,,,,,,,,,,,,,,,,,,,,,,,,,,,1193.72,,,,,29,,,,,,,,,,,,,,,,,,,,,,,,,,,,,,,,,,,,,,,,Support
Brigitte,Silver,4.30,0.69,49.47,12.17,5.12,93,3563,7900,8.15,,,,,,,,,,,,,,,,,,,,,,,,,,,,,,,,,,,,,,,,,,,,,,,,,,,,,,,,,,,,,,,,,,,,,,,,,,,1273.01,,,,,30,,,,,,,,,,,,,,,,,,,,,,,,,,,,,,,,,,,,,,,,Support
Brigitte,Gold,4.53,0.87,51.35,12.52,5.23,91,3737,8148,8.03,,,,,,,,,,,,,,,,,,,,,,,,,,,,,,,,,,,,,,,,,,,,,,,,,,,,,,,,,,,,,,,,,,,,,,,,,,,1331.81,,,,,31,,,,,,,,,,,,,,,,,,,,,,,,,,,,,,,,,,,,,,,,Support
Brigitte,Platinum,4.63,1.26,52.10,12.48,5.09,88,3750,8437,7.71,,,,,,,,,,,,,,,,,,,,,,,,,,,,,,,,,,,,,,,,,,,,,,,,,,,,,,,,,,,,,,,,,,,,,,,,,,,1396.69,,,,,32,,,,,,,,,,,,,,,,,,,,,,,,,,,,,,,,,,,,,,,,Support
Brigitte,Diamond,4.75,1.99,52.77,12.36,5.03,86,3788,8648,7.36,,,,,,,,,,,,,,,,,,,,,,,,,,,,,,,,,,,,,,,,,,,,,,,,,,,,,,,,,,,,,,,,,,,,,,,,,,,1438.57,,,,,33,,,,,,,,,,,,,,,,,,,,,,,,,,,,,,,,,,,,,,,,Support
Brigitte,Master,4.90,2.85,53.47,11.75,4.67,83,3701,8716,7.05,,,,,,,,,,,,,,,,,,,,,,,,,,,,,,,,,,,,,,,,,,,,,,,,,,,,,,,,,,,,,,,,,,,,,,,,,,,1454.79,,,,,32,,,,,,,,,,,,,,,,,,,,,,,,,,,,,,,,,,,,,,,,Support
Brigitte,Grandmaster,4.93,5.39,53.59,10.82,4.33,84,3588,8791,6.49,,,,,,,,,,,,,,,,,,,,,,,,,,,,,,,,,,,,,,,,,,,,,,,,,,,,,,,,,,,,,,,,,,,,,,,,,,,1455.30,,,,,32,,,,,,,,,,,,,,,,,,,,,,,,,,,,,,,,,,,,,,,,Support
Mei,All,3.86,1.79,50.93,17.83,7.65,90,7001,,7.22,,,,,,,,,7.68,1.12,51,,,,,,,,,,,,,,,,,,,,,,,,,,,,,,,,,,,,,,,,,,,1039.03,,,,,,,,,,,,,,,,,,,,,,,,,,,27,15,3.58,3.70,,,,,,,,,,,,,,,,,,,,,,,,,,,,,,,,,,,,Damage
Mei,Bronze,3.64,0.97,45.73,16.62,7.77,100,6368,,7.52,,,,,,,,,7.09,1.22,46,,,,,,,,,,,,,,,,,,,,,,,,,,,,,,,,,,,,,,,,,,,1098.25,,,,,,,,,,,,,,,,,,,,,,,,,,,27,14,4.09,3.71,,,,,,,,,,,,,,,,,,,,,,,,,,,,,,,,,,,,Damage
Mei,Silver,3.88,1.14,48.21,17.30,8.01,100,6620,,7.40,,,,,,,,,7.34,1.16,48,,,,,,,,,,,,,,,,,,,,,,,,,,,,,,,,,,,,,,,,,,,1084.06,,,,,,,,,,,,,,,,,,,,,,,,,,,27,14,3.95,3.77,,,,,,,,,,,,,,,,,,,,,,,,,,,,,,,,,,,,Damage
Mei,Gold,3.96,1.30,49.98,17.89,8.02,95,6849,,7.30,,,,,,,,,7.63,1.13,50,,,,,,,,,,,,,,,,,,,,,,,,,,,,,,,,,,,,,,,,,,,1074.96,,,,,,,,,,,,,,,,,,,,,,,,,,,27,14,3.79,3.80,,,,,,,,,,,,,,,,,,,,,,,,,,,,,,,,,,,,Damage
Mei,Platinum,3.92,1.75,50.77,18.09,7.78,91,7062,,7.20,,,,,,,,,7.81,1.12,51,,,,,,,,,,,,,,,,,,,,,,,,,,,,,,,,,,,,,,,,,,,1048.88,,,,,,,,,,,,,,,,,,,,,,,,,,,27,15,3.63,3.78,,,,,,,,,,,,,,,,,,,,,,,,,,,,,,,,,,,,Damage
Mei,Diamond,3.83,2.52,51.11,18.01,7.52,87,7172,,7.18,,,,,,,,,7.83,1.11,52,,,,,,,,,,,,,,,,,,,,,,,,,,,,,,,,,,,,,,,,,,,1021.63,,,,,,,,,,,,,,,,,,,,,,,,,,,27,15,3.45,3.70,,,,,,,,,,,,,,,,,,,,,,,,,,,,,,,,,,,,Damage
Mei,Master,3.76,3.35,52.77,17.75,7.12,81,7215,,7.10,,,,,,,,,7.74,1.11,53,,,,,,,,,,,,,,,,,,,,,,,,,,,,,,,,,,,,,,,,,,,995.94,,,,,,,,,,,,,,,,,,,,,,,,,,,27,15,3.24,3.51,,,,,,,,,,,,,,,,,,,,,,,,,,,,,,,,,,,,Damage
Mei,Grandmaster,3.57,3.33,52.48,17.07,6.64,77,7114,,6.97,,,,,,,,,7.43,1.15,53,,,,,,,,,,,,,,,,,,,,,,,,,,,,,,,,,,,,,,,,,,,976.68,,,,,,,,,,,,,,,,,,,,,,,,,,,27,15,3.03,3.32,,,,,,,,,,,,,,,,,,,,,,,,,,,,,,,,,,,,Damage
Winston,All,3.95,1.34,44.29,19.74,6.60,108,7951,,6.97,,,,,,,,,,,,,,,,,,,,,,,46,,,,,63,,,,,,,,,,,,,,,,,,,,,,,,,,,,,,,,,64,,,,,,,,,,,,,,,,,,,,,,,,8.11,2.04,,,,,,,,,,,,,,,,,,,,,,,,,,,,,,,,,,Tank
Winston,Bronze,3.27,0.38,35.95,17.12,6.86,120,6766,,7.89,,,,,,,,,,,,,,,,,,,,,,,41,,,,,74,,,,,,,,,,,,,,,,,,,,,,,,,,,,,,,,,58,,,,,,,,,,,,,,,,,,,,,,,,6.09,1.71,,,,,,,,,,,,,,,,,,,,,,,,,,,,,,,,,,Tank
Winston,Silver,3.50,0.50,38.65,18.35,7.13,120,7217,,7.61,,,,,,,,,,,,,,,,,,,,,,,42,,,,,72,,,,,,,,,,,,,,,,,,,,,,,,,,,,,,,,,60,,,,,,,,,,,,,,,,,,,,,,,,6.69,1.80,,,,,,,,,,,,,,,,,,,,,,,,,,,,,,,,,,Tank
Winston,Gold,3.87,0.71,41.52,19.33,7.11,117,7561,,7.24,,,,,,,,,,,,,,,,,,,,,,,42,,,,,70,,,,,,,,,,,,,,,,,,,,,,,,,,,,,,,,,62,,,,,,,,,,,,,,,,,,,,,,,,7.33,1.89,,,,,,,,,,,,,,,,,,,,,,,,,,,,,,,,,,Tank
Winston,Platinum,3.97,1.20,42.53,19.88,6.83,111,7869,,7.07,,,,,,,,,,,,,,,,,,,,,,,44,,,,,64,,,,,,,,,,,,,,,,,,,,,,,,,,,,,,,,,64,,,,,,,,,,,,,,,,,,,,,,,,7.97,1.96,,,,,,,,,,,,,,,,,,,,,,,,,,,,,,,,,,Tank
Winston,Diamond,4.02,2.13,43.47,20.11,6.52,105,8112,,6.91,,,,,,,,,,,,,,,,,,,,,,,47,,,,,60,,,,,,,,,,,,,,,,,,,,,,,,,,,,,,,,,65,,,,,,,,,,,,,,,,,,,,,,,,8.50,2.09,,,,,,,,,,,,,,,,,,,,,,,,,,,,,,,,,,Tank
Winston,Master,3.97,2.96,45.99,20.02,6.17,99,8207,,6.81,,,,,,,,,,,,,,,,,,,,,,,49,,,,,57,,,,,,,,,,,,,,,,,,,,,,,,,,,,,,,,,66,,,,,,,,,,,,,,,,,,,,,,,,8.74,2.17,,,,,,,,,,,,,,,,,,,,,,,,,,,,,,,,,,Tank
Winston,Grandmaster,3.98,4.84,49.07,19.47,5.68,93,8238,,6.54,,,,,,,,,,,,,,,,,,,,,,,52,,,,,54,,,,,,,,,,,,,,,,,,,,,,,,,,,,,,,,,66,,,,,,,,,,,,,,,,,,,,,,,,8.56,2.27,,,,,,,,,,,,,,,,,,,,,,,,,,,,,,,,,,Tank
Bastion,All,2.99,2.01,47.47,19.51,8.23,66,10419,,8.01,,,,,,,,,10.06,1.16,27,,,,,,,,,,,,,,,,,,,,,,,,,,,,,,,,,,,,,,,,,,,,,,,,,,,,,,,,,,,,,,,,,,,,,,,,,,,,9.70,11.78,4.75,1.71,,,,,,,,,,,,,,,,,,,,,,,,,,,,,,Damage
Bastion,Bronze,2.56,1.42,41.57,17.63,7.92,67,9344,,8.61,,,,,,,,,9.05,1.24,24,,,,,,,,,,,,,,,,,,,,,,,,,,,,,,,,,,,,,,,,,,,,,,,,,,,,,,,,,,,,,,,,,,,,,,,,,,,,8.67,10.76,4.12,1.59,,,,,,,,,,,,,,,,,,,,,,,,,,,,,,Damage
Bastion,Silver,2.77,1.42,44.03,18.52,8.29,70,9758,,8.40,,,,,,,,,9.49,1.20,25,,,,,,,,,,,,,,,,,,,,,,,,,,,,,,,,,,,,,,,,,,,,,,,,,,,,,,,,,,,,,,,,,,,,,,,,,,,,9.12,11.31,4.36,1.66,,,,,,,,,,,,,,,,,,,,,,,,,,,,,,Damage
Bastion,Gold,2.91,1.52,45.96,19.31,8.47,70,10133,,8.17,,,,,,,,,9.89,1.19,26,,,,,,,,,,,,,,,,,,,,,,,,,,,,,,,,,,,,,,,,,,,,,,,,,,,,,,,,,,,,,,,,,,,,,,,,,,,,9.53,11.75,4.59,1.68,,,,,,,,,,,,,,,,,,,,,,,,,,,,,,Damage
Bastion,Platinum,3.03,1.87,47.12,19.71,8.42,68,10482,,7.98,,,,,,,,,10.16,1.16,27,,,,,,,,,,,,,,,,,,,,,,,,,,,,,,,,,,,,,,,,,,,,,,,,,,,,,,,,,,,,,,,,,,,,,,,,,,,,9.74,11.92,4.76,1.71,,,,,,,,,,,,,,,,,,,,,,,,,,,,,,Damage
Bastion,Diamond,3.09,2.79,47.95,19.96,8.19,64,10766,,7.86,,,,,,,,,10.35,1.16,28,,,,,,,,,,,,,,,,,,,,,,,,,,,,,,,,,,,,,,,,,,,,,,,,,,,,,,,,,,,,,,,,,,,,,,,,,,,,9.99,12.02,4.92,1.74,,,,,,,,,,,,,,,,,,,,,,,,,,,,,,Damage
Bastion,Master,3.06,3.84,50.59,19.73,7.84,61,10761,,7.87,,,,,,,,,10.22,1.17,28,,,,,,,,,,,,,,,,,,,,,,,,,,,,,,,,,,,,,,,,,,,,,,,,,,,,,,,,,,,,,,,,,,,,,,,,,,,,9.90,11.84,4.99,1.75,,,,,,,,,,,,,,,,,,,,,,,,,,,,,,Damage
Bastion,Grandmaster,2.96,2.98,49.28,19.14,7.29,57,10658,,7.87,,,,,,,,,9.84,1.16,28,,,,,,,,,,,,,,,,,,,,,,,,,,,,,,,,,,,,,,,,,,,,,,,,,,,,,,,,,,,,,,,,,,,,,,,,,,,,9.72,11.40,4.94,1.68,,,,,,,,,,,,,,,,,,,,,,,,,,,,,,Damage
Sombra,All,4.85,1.14,44.78,16.25,5.82,43,5687,,6.03,,,,,,,,,6.53,1.46,36,,,,,,,,,,,,,,,,,,,,,,,,,,,,,,,,,,,,,,,,,,,,,,,,,,,,,,,,,,,,,,,,,,,,,,,,,,,,,,,,28.96,2.32,3.65,,,,,,,,,,,,,,,,,,,,,,,,,,,Damage
Sombra,Bronze,3.91,0.54,38.01,13.85,5.31,47,4585,,6.68,,,,,,,,,5.79,1.64,32,,,,,,,,,,,,,,,,,,,,,,,,,,,,,,,,,,,,,,,,,,,,,,,,,,,,,,,,,,,,,,,,,,,,,,,,,,,,,,,,26.93,2.15,2.94,,,,,,,,,,,,,,,,,,,,,,,,,,,Damage
Sombra,Silver,4.50,0.46,40.36,15.50,5.86,47,4972,,6.34,,,,,,,,,6.36,1.68,33,,,,,,,,,,,,,,,,,,,,,,,,,,,,,,,,,,,,,,,,,,,,,,,,,,,,,,,,,,,,,,,,,,,,,,,,,,,,,,,,28.09,2.24,3.43,,,,,,,,,,,,,,,,,,,,,,,,,,,Damage
Sombra,Gold,4.71,0.79,44.14,15.88,5.83,45,5287,,6.21,,,,,,,,,6.57,1.61,34,,,,,,,,,,,,,,,,,,,,,,,,,,,,,,,,,,,,,,,,,,,,,,,,,,,,,,,,,,,,,,,,,,,,,,,,,,,,,,,,28.58,2.25,3.52,,,,,,,,,,,,,,,,,,,,,,,,,,,Damage
Sombra,Platinum,4.70,0.94,43.90,16.20,5.85,43,5538,,6.18,,,,,,,,,6.60,1.55,35,,,,,,,,,,,,,,,,,,,,,,,,,,,,,,,,,,,,,,,,,,,,,,,,,,,,,,,,,,,,,,,,,,,,,,,,,,,,,,,,29.04,2.24,3.62,,,,,,,,,,,,,,,,,,,,,,,,,,,Damage
Sombra,Diamond,5.03,1.65,44.37,16.63,5.88,42,5848,,5.98,,,,,,,,,6.62,1.43,36,,,,,,,,,,,,,,,,,,,,,,,,,,,,,,,,,,,,,,,,,,,,,,,,,,,,,,,,,,,,,,,,,,,,,,,,,,,,,,,,29.42,2.30,3.78,,,,,,,,,,,,,,,,,,,,,,,,,,,Damage
Sombra,Master,4.94,2.54,46.63,16.64,5.78,40,6073,,5.89,,,,,,,,,6.53,1.34,37,,,,,,,,,,,,,,,,,,,,,,,,,,,,,,,,,,,,,,,,,,,,,,,,,,,,,,,,,,,,,,,,,,,,,,,,,,,,,,,,29.12,2.41,3.76,,,,,,,,,,,,,,,,,,,,,,,,,,,Damage
Sombra,Grandmaster,5.39,3.26,48.01,16.50,5.60,40,6302,,5.56,,,,,,,,,6.47,1.20,37,,,,,,,,,,,,,,,,,,,,,,,,,,,,,,,,,,,,,,,,,,,,,,,,,,,,,,,,,,,,,,,,,,,,,,,,,,,,,,,,28.65,2.65,3.71,,,,,,,,,,,,,,,,,,,,,,,,,,,Damage
Wrecking Ball,All,4.98,1.49,50.28,17.72,7.20,117,7850,,5.75,,,,,,,,,,,34,10,,,,,,,,,,,,,,,,82,,,,,,,,,,,,,,,,,,,,,,,,,,,,,,,,,,,,,,,,,,,,,,,,,,,,,,,,,,,,,,,,,,7.39,6.98,,,,,,,,,,,,,,,,,,,,,,,,,Tank
Wrecking Ball,Bronze,4.22,0.31,41.43,14.89,7.07,127,6816,,6.24,,,,,,,,,,,30,10,,,,,,,,,,,,,,,,89,,,,,,,,,,,,,,,,,,,,,,,,,,,,,,,,,,,,,,,,,,,,,,,,,,,,,,,,,,,,,,,,,,5.31,5.49,,,,,,,,,,,,,,,,,,,,,,,,,Tank
Wrecking Ball,Silver,4.50,0.39,45.51,15.99,7.48,130,7336,,6.13,,,,,,,,,,,32,10,,,,,,,,,,,,,,,,91,,,,,,,,,,,,,,,,,,,,,,,,,,,,,,,,,,,,,,,,,,,,,,,,,,,,,,,,,,,,,,,,,,5.67,6.08,,,,,,,,,,,,,,,,,,,,,,,,,Tank
Wrecking Ball,Gold,4.96,0.53,47.76,17.11,7.63,128,7659,,5.89,,,,,,,,,,,32,11,,,,,,,,,,,,,,,,89,,,,,,,,,,,,,,,,,,,,,,,,,,,,,,,,,,,,,,,,,,,,,,,,,,,,,,,,,,,,,,,,,,6.35,6.62,,,,,,,,,,,,,,,,,,,,,,,,,Tank
Wrecking Ball,Platinum,4.99,1.08,48.50,17.49,7.47,123,7822,,5.86,,,,,,,,,,,33,10,,,,,,,,,,,,,,,,87,,,,,,,,,,,,,,,,,,,,,,,,,,,,,,,,,,,,,,,,,,,,,,,,,,,,,,,,,,,,,,,,,,6.97,6.83,,,,,,,,,,,,,,,,,,,,,,,,,Tank
Wrecking Ball,Diamond,5.05,2.44,50.85,18.08,7.33,118,7976,,5.79,,,,,,,,,,,34,10,,,,,,,,,,,,,,,,83,,,,,,,,,,,,,,,,,,,,,,,,,,,,,,,,,,,,,,,,,,,,,,,,,,,,,,,,,,,,,,,,,,7.61,7.12,,,,,,,,,,,,,,,,,,,,,,,,,Tank
Wrecking Ball,Master,5.04,3.88,52.08,18.29,7.01,110,7987,,5.64,,,,,,,,,,,35,10,,,,,,,,,,,,,,,,78,,,,,,,,,,,,,,,,,,,,,,,,,,,,,,,,,,,,,,,,,,,,,,,,,,,,,,,,,,,,,,,,,,8.08,7.26,,,,,,,,,,,,,,,,,,,,,,,,,Tank
Wrecking Ball,Grandmaster,4.99,7.33,51.81,18.00,6.48,102,7902,,5.39,,,,,,,,,,,36,10,,,,,,,,,,,,,,,,71,,,,,,,,,,,,,,,,,,,,,,,,,,,,,,,,,,,,,,,,,,,,,,,,,,,,,,,,,,,,,,,,,,8.25,7.17,,,,,,,,,,,,,,,,,,,,,,,,,Tank
Sojourn,All,2.91,1.68,43.67,18.31,7.04,56,8518,,7.96,,,,,,,,,8.82,1.21,28,,,,,,,,,,,,,,,,,,,,,,,,,,,,,,,,,,,,,,,,,,,,,,,,,,,,,,,,,,,,,,,,,,,,,,,,,,,,,,,,,,,,,52,11,9.43,4.99,2.51,,,,,,,,,,,,,,,,,,,,Damage
Sojourn,Bronze,2.45,0.94,37.05,15.46,7.03,64,7418,,8.34,,,,,,,,,6.55,1.09,27,,,,,,,,,,,,,,,,,,,,,,,,,,,,,,,,,,,,,,,,,,,,,,,,,,,,,,,,,,,,,,,,,,,,,,,,,,,,,,,,,,,,,47,10,6.88,4.54,1.85,,,,,,,,,,,,,,,,,,,,Damage
Sojourn,Silver,2.71,0.77,38.98,16.74,7.19,63,7857,,8.21,,,,,,,,,7.40,1.18,28,,,,,,,,,,,,,,,,,,,,,,,,,,,,,,,,,,,,,,,,,,,,,,,,,,,,,,,,,,,,,,,,,,,,,,,,,,,,,,,,,,,,,49,10,7.80,4.73,2.09,,,,,,,,,,,,,,,,,,,,Damage
Sojourn,Gold,2.85,0.90,40.72,17.51,7.25,61,8177,,8.09,,,,,,,,,7.95,1.24,28,,,,,,,,,,,,,,,,,,,,,,,,,,,,,,,,,,,,,,,,,,,,,,,,,,,,,,,,,,,,,,,,,,,,,,,,,,,,,,,,,,,,,51,10,8.42,4.99,2.25,,,,,,,,,,,,,,,,,,,,Damage
Sojourn,Platinum,2.92,1.40,42.41,18.18,7.18,57,8469,,7.98,,,,,,,,,8.58,1.25,28,,,,,,,,,,,,,,,,,,,,,,,,,,,,,,,,,,,,,,,,,,,,,,,,,,,,,,,,,,,,,,,,,,,,,,,,,,,,,,,,,,,,,52,11,9.20,5.10,2.44,,,,,,,,,,,,,,,,,,,,Damage
Sojourn,Diamond,2.97,2.33,44.13,18.72,7.02,54,8709,,7.96,,,,,,,,,9.25,1.27,28,,,,,,,,,,,,,,,,,,,,,,,,,,,,,,,,,,,,,,,,,,,,,,,,,,,,,,,,,,,,,,,,,,,,,,,,,,,,,,,,,,,,,53,12,9.92,5.08,2.65,,,,,,,,,,,,,,,,,,,,Damage
Sojourn,Master,2.91,3.72,44.81,18.94,6.83,52,8797,,7.94,,,,,,,,,9.52,1.20,28,,,,,,,,,,,,,,,,,,,,,,,,,,,,,,,,,,,,,,,,,,,,,,,,,,,,,,,,,,,,,,,,,,,,,,,,,,,,,,,,,,,,,54,12,10.16,4.97,2.71,,,,,,,,,,,,,,,,,,,,Damage
Sojourn,Grandmaster,2.99,5.61,47.84,19.58,6.57,49,9192,,7.64,,,,,,,,,10.21,1.11,28,,,,,,,,,,,,,,,,,,,,,,,,,,,,,,,,,,,,,,,,,,,,,,,,,,,,,,,,,,,,,,,,,,,,,,,,,,,,,,,,,,,,,55,13,11.08,4.85,3.00,,,,,,,,,,,,,,,,,,,,Damage
Symmetra,All,3.49,1.28,53.43,19.03,8.48,65,8381,,7.90,,,,,,,,,8.55,1.21,,,,,,,,,,,,,35,,,,,,,,,,,,,,,,,,,,,,,,,,,,,,,,,,,,,,41,,,,,,,,,,,,,,,,,,,,,,,,,,,,,,,,,,,,,,,,1.87,19.09,9.52,,,,,,,,,,,,,,,,,Damage
Symmetra,Bronze,3.40,0.81,50.12,17.72,8.61,69,7450,,7.97,,,,,,,,,7.83,1.32,,,,,,,,,,,,,34,,,,,,,,,,,,,,,,,,,,,,,,,,,,,,,,,,,,,,35,,,,,,,,,,,,,,,,,,,,,,,,,,,,,,,,,,,,,,,,1.71,11.03,10.17,,,,,,,,,,,,,,,,,Damage
Symmetra,Silver,3.43,0.76,52.07,18.49,8.88,69,7853,,8.05,,,,,,,,,8.13,1.26,,,,,,,,,,,,,35,,,,,,,,,,,,,,,,,,,,,,,,,,,,,,,,,,,,,,37,,,,,,,,,,,,,,,,,,,,,,,,,,,,,,,,,,,,,,,,1.78,13.17,10.21,,,,,,,,,,,,,,,,,Damage
Symmetra,Gold,3.62,1.02,53.25,19.33,8.79,66,8242,,7.91,,,,,,,,,8.68,1.31,,,,,,,,,,,,,35,,,,,,,,,,,,,,,,,,,,,,,,,,,,,,,,,,,,,,39,,,,,,,,,,,,,,,,,,,,,,,,,,,,,,,,,,,,,,,,1.84,15.21,10.12,,,,,,,,,,,,,,,,,Damage
Symmetra,Platinum,3.49,1.34,53.18,19.30,8.57,65,8498,,7.92,,,,,,,,,8.74,1.21,,,,,,,,,,,,,35,,,,,,,,,,,,,,,,,,,,,,,,,,,,,,,,,,,,,,41,,,,,,,,,,,,,,,,,,,,,,,,,,,,,,,,,,,,,,,,1.89,17.89,9.60,,,,,,,,,,,,,,,,,Damage
Symmetra,Diamond,3.48,1.83,53.21,19.30,8.43,64,8660,,7.88,,,,,,,,,8.79,1.19,,,,,,,,,,,,,36,,,,,,,,,,,,,,,,,,,,,,,,,,,,,,,,,,,,,,43,,,,,,,,,,,,,,,,,,,,,,,,,,,,,,,,,,,,,,,,1.92,20.90,9.30,,,,,,,,,,,,,,,,,Damage
Symmetra,Master,3.41,2.11,54.22,18.95,8.13,62,8609,,7.87,,,,,,,,,8.54,1.17,,,,,,,,,,,,,36,,,,,,,,,,,,,,,,,,,,,,,,,,,,,,,,,,,,,,43,,,,,,,,,,,,,,,,,,,,,,,,,,,,,,,,,,,,,,,,1.92,24.93,8.83,,,,,,,,,,,,,,,,,Damage
Symmetra,Grandmaster,3.20,1.84,53.87,17.86,7.52,59,8322,,7.84,,,,,,,,,7.86,1.12,,,,,,,,,,,,,36,,,,,,,,,,,,,,,,,,,,,,,,,,,,,,,,,,,,,,44,,,,,,,,,,,,,,,,,,,,,,,,,,,,,,,,,,,,,,,,1.92,33.71,8.25,,,,,,,,,,,,,,,,,Damage
Torbjorn,All,3.07,1.33,52.43,17.68,7.34,49,9523,,6.84,,,,,,,,,8.34,1.42,27,8,,,,,,,,,,,,,,,,,,,,,,,,,,,,,,,,,,,,,,,,,,,,,,,,,,,,,,,,,,,,,,,,,,,,,,,,,,,,,,,,,,,,,,,,,,,,0.44,8.82,2.48,,,,,,,,,,,,,,Damage
Torbjorn,Bronze,2.92,0.92,49.64,16.75,7.70,55,8787,,7.11,,,,,,,,,7.93,1.57,23,8,,,,,,,,,,,,,,,,,,,,,,,,,,,,,,,,,,,,,,,,,,,,,,,,,,,,,,,,,,,,,,,,,,,,,,,,,,,,,,,,,,,,,,,,,,,,0.68,9.34,2.30,,,,,,,,,,,,,,Damage
Torbjorn,Silver,3.17,0.86,50.29,17.50,7.78,52,9169,,6.97,,,,,,,,,8.22,1.53,24,8,,,,,,,,,,,,,,,,,,,,,,,,,,,,,,,,,,,,,,,,,,,,,,,,,,,,,,,,,,,,,,,,,,,,,,,,,,,,,,,,,,,,,,,,,,,,0.36,9.50,2.49,,,,,,,,,,,,,,Damage
Torbjorn,Gold,3.10,0.83,52.57,17.90,7.76,51,9431,,6.79,,,,,,,,,8.38,1.51,25,8,,,,,,,,,,,,,,,,,,,,,,,,,,,,,,,,,,,,,,,,,,,,,,,,,,,,,,,,,,,,,,,,,,,,,,,,,,,,,,,,,,,,,,,,,,,,0.45,9.39,2.57,,,,,,,,,,,,,,Damage
Torbjorn,Platinum,3.20,1.20,53.08,18.06,7.59,49,9618,,6.81,,,,,,,,,8.53,1.44,27,8,,,,,,,,,,,,,,,,,,,,,,,,,,,,,,,,,,,,,,,,,,,,,,,,,,,,,,,,,,,,,,,,,,,,,,,,,,,,,,,,,,,,,,,,,,,,0.43,9.06,2.59,,,,,,,,,,,,,,Damage
Torbjorn,Diamond,3.06,1.90,52.80,17.96,7.22,48,9728,,6.85,,,,,,,,,8.53,1.43,29,8,,,,,,,,,,,,,,,,,,,,,,,,,,,,,,,,,,,,,,,,,,,,,,,,,,,,,,,,,,,,,,,,,,,,,,,,,,,,,,,,,,,,,,,,,,,,0.45,8.66,2.52,,,,,,,,,,,,,,Damage
Torbjorn,Master,3.05,2.54,53.31,17.53,6.92,48,9674,,6.77,,,,,,,,,8.28,1.39,29,8,,,,,,,,,,,,,,,,,,,,,,,,,,,,,,,,,,,,,,,,,,,,,,,,,,,,,,,,,,,,,,,,,,,,,,,,,,,,,,,,,,,,,,,,,,,,0.50,8.27,2.42,,,,,,,,,,,,,,Damage
Torbjorn,Grandmaster,2.71,3.45,51.87,16.60,6.39,50,9458,,6.96,,,,,,,,,7.82,1.28,30,8,,,,,,,,,,,,,,,,,,,,,,,,,,,,,,,,,,,,,,,,,,,,,,,,,,,,,,,,,,,,,,,,,,,,,,,,,,,,,,,,,,,,,,,,,,,,0.45,7.73,2.19,,,,,,,,,,,,,,Damage
Ramattra,All,3.95,2.31,50.36,19.80,8.23,122,9876,,6.55,,,,,,,,,,,25,,,,,,,,,,,,,,,,,73,,,,,,,,,,,,,,,,,,,,,,,,,,,,,,,,,,,,,,,,,,,,,,,,,,,,,,,,,,,,,,,,,,,,,,,,,,,,,,,64,12.89,6.30,5.30,,,,,,,,,,Tank
Ramattra,Bronze,3.52,1.15,42.94,17.70,8.24,128,8624,,7.07,,,,,,,,,,,24,,,,,,,,,,,,,,,,,75,,,,,,,,,,,,,,,,,,,,,,,,,,,,,,,,,,,,,,,,,,,,,,,,,,,,,,,,,,,,,,,,,,,,,,,,,,,,,,,56,10.82,5.35,4.60,,,,,,,,,,Tank
Ramattra,Silver,3.82,1.39,47.18,19.19,8.71,131,9242,,6.80,,,,,,,,,,,25,,,,,,,,,,,,,,,,,76,,,,,,,,,,,,,,,,,,,,,,,,,,,,,,,,,,,,,,,,,,,,,,,,,,,,,,,,,,,,,,,,,,,,,,,,,,,,,,,59,11.96,5.87,5.03,,,,,,,,,,Tank
Ramattra,Gold,3.91,1.68,50.10,19.68,8.60,128,9615,,6.65,,,,,,,,,,,25,,,,,,,,,,,,,,,,,75,,,,,,,,,,,,,,,,,,,,,,,,,,,,,,,,,,,,,,,,,,,,,,,,,,,,,,,,,,,,,,,,,,,,,,,,,,,,,,,62,12.51,6.09,5.29,,,,,,,,,,Tank
Ramattra,Platinum,3.99,2.39,50.25,20.03,8.43,124,9929,,6.54,,,,,,,,,,,25,,,,,,,,,,,,,,,,,73,,,,,,,,,,,,,,,,,,,,,,,,,,,,,,,,,,,,,,,,,,,,,,,,,,,,,,,,,,,,,,,,,,,,,,,,,,,,,,,64,13.00,6.35,5.45,,,,,,,,,,Tank
Ramattra,Diamond,4.03,3.29,51.05,20.09,8.14,119,10106,,6.54,,,,,,,,,,,25,,,,,,,,,,,,,,,,,71,,,,,,,,,,,,,,,,,,,,,,,,,,,,,,,,,,,,,,,,,,,,,,,,,,,,,,,,,,,,,,,,,,,,,,,,,,,,,,,66,13.29,6.49,5.44,,,,,,,,,,Tank
Ramattra,Master,3.79,3.86,50.99,19.71,7.69,113,10050,,6.56,,,,,,,,,,,25,,,,,,,,,,,,,,,,,68,,,,,,,,,,,,,,,,,,,,,,,,,,,,,,,,,,,,,,,,,,,,,,,,,,,,,,,,,,,,,,,,,,,,,,,,,,,,,,,67,13.17,6.48,5.25,,,,,,,,,,Tank
Ramattra,Grandmaster,3.77,5.09,50.92,18.88,7.08,109,9894,,6.50,,,,,,,,,,,25,,,,,,,,,,,,,,,,,66,,,,,,,,,,,,,,,,,,,,,,,,,,,,,,,,,,,,,,,,,,,,,,,,,,,,,,,,,,,,,,,,,,,,,,,,,,,,,,,69,12.82,6.47,4.76,,,,,,,,,,Tank
Junker Queen,All,4.76,0.97,49.27,20.01,7.97,117,9334,,6.57,,,,,,,,,,,37,,,,,,,,,,,,,,,,,74,,,,,,,,,,,,,,,,,,,,,,,,,,,,,,,,,,,,,,,,,,,,,,,,,,,,,,,,,,,,,,,,,,,,,,,,,,,,,,,,,,,33,7.52,19,3.88,,,,,,Tank
Junker Queen,Bronze,4.10,0.49,40.98,16.77,7.76,130,7609,,7.03,,,,,,,,,,,32,,,,,,,,,,,,,,,,,81,,,,,,,,,,,,,,,,,,,,,,,,,,,,,,,,,,,,,,,,,,,,,,,,,,,,,,,,,,,,,,,,,,,,,,,,,,,,,,,,,,,31,6.35,17,3.08,,,,,,Tank
Junker Queen,Silver,4.37,0.43,43.47,18.21,8.11,135,8272,,6.74,,,,,,,,,,,35,,,,,,,,,,,,,,,,,82,,,,,,,,,,,,,,,,,,,,,,,,,,,,,,,,,,,,,,,,,,,,,,,,,,,,,,,,,,,,,,,,,,,,,,,,,,,,,,,,,,,32,6.84,18,3.47,,,,,,Tank
Junker Queen,Gold,4.76,0.59,46.97,19.33,8.22,128,8828,,6.62,,,,,,,,,,,37,,,,,,,,,,,,,,,,,80,,,,,,,,,,,,,,,,,,,,,,,,,,,,,,,,,,,,,,,,,,,,,,,,,,,,,,,,,,,,,,,,,,,,,,,,,,,,,,,,,,,33,7.37,19,3.77,,,,,,Tank
Junker Queen,Platinum,4.76,0.88,49.24,19.97,8.12,120,9300,,6.60,,,,,,,,,,,38,,,,,,,,,,,,,,,,,76,,,,,,,,,,,,,,,,,,,,,,,,,,,,,,,,,,,,,,,,,,,,,,,,,,,,,,,,,,,,,,,,,,,,,,,,,,,,,,,,,,,33,7.63,19,3.90,,,,,,Tank
Junker Queen,Diamond,4.82,1.50,50.64,20.44,7.95,113,9631,,6.57,,,,,,,,,,,38,,,,,,,,,,,,,,,,,72,,,,,,,,,,,,,,,,,,,,,,,,,,,,,,,,,,,,,,,,,,,,,,,,,,,,,,,,,,,,,,,,,,,,,,,,,,,,,,,,,,,33,7.73,20,4.03,,,,,,Tank
Junker Queen,Master,4.78,1.89,50.34,20.66,7.68,106,9760,,6.56,,,,,,,,,,,38,,,,,,,,,,,,,,,,,69,,,,,,,,,,,,,,,,,,,,,,,,,,,,,,,,,,,,,,,,,,,,,,,,,,,,,,,,,,,,,,,,,,,,,,,,,,,,,,,,,,,33,7.70,20,4.01,,,,,,Tank
Junker Queen,Grandmaster,4.73,2.55,51.87,20.37,7.39,101,9682,,6.46,,,,,,,,,,,38,,,,,,,,,,,,,,,,,67,,,,,,,,,,,,,,,,,,,,,,,,,,,,,,,,,,,,,,,,,,,,,,,,,,,,,,,,,,,,,,,,,,,,,,,,,,,,,,,,,,,32,7.32,19,3.77,,,,,,Tank
Echo,All,2.69,1.04,47.27,18.45,6.23,58,8433,,8.16,,,,,,,,,10.11,1.70,26,,,,,,,,,,,,,,,,,,,,,,,,,,,,,,,,,,,,,,,,,,,,,,,,,,,,,,,,,,,,,,,,,,,,,,,,,,,,,,,,,,,,,,,,,,,,,,,,,,,,,,,,38.29,7.82,26,8.64,3.57,Damage
Echo,Bronze,2.23,0.46,40.70,15.66,6.37,64,7102,,8.36,,,,,,,,,7.83,1.63,23,,,,,,,,,,,,,,,,,,,,,,,,,,,,,,,,,,,,,,,,,,,,,,,,,,,,,,,,,,,,,,,,,,,,,,,,,,,,,,,,,,,,,,,,,,,,,,,,,,,,,,,,33.24,6.26,23,7.41,2.96,Damage
Echo,Silver,2.41,0.53,43.02,16.96,6.54,63,7458,,8.47,,,,,,,,,8.76,1.78,24,,,,,,,,,,,,,,,,,,,,,,,,,,,,,,,,,,,,,,,,,,,,,,,,,,,,,,,,,,,,,,,,,,,,,,,,,,,,,,,,,,,,,,,,,,,,,,,,,,,,,,,,34.63,6.97,24,8.12,3.20,Damage
Echo,Gold,2.61,0.62,46.33,17.62,6.52,62,7874,,8.28,,,,,,,,,9.33,1.79,25,,,,,,,,,,,,,,,,,,,,,,,,,,,,,,,,,,,,,,,,,,,,,,,,,,,,,,,,,,,,,,,,,,,,,,,,,,,,,,,,,,,,,,,,,,,,,,,,,,,,,,,,36.42,7.41,25,8.36,3.40,Damage
Echo,Platinum,2.67,0.86,45.16,18.34,6.44,60,8249,,8.24,,,,,,,,,9.95,1.79,26,,,,,,,,,,,,,,,,,,,,,,,,,,,,,,,,,,,,,,,,,,,,,,,,,,,,,,,,,,,,,,,,,,,,,,,,,,,,,,,,,,,,,,,,,,,,,,,,,,,,,,,,37.88,7.77,26,8.65,3.57,Damage
Echo,Diamond,2.73,1.57,47.70,18.85,6.22,57,8639,,8.15,,,,,,,,,10.44,1.71,26,,,,,,,,,,,,,,,,,,,,,,,,,,,,,,,,,,,,,,,,,,,,,,,,,,,,,,,,,,,,,,,,,,,,,,,,,,,,,,,,,,,,,,,,,,,,,,,,,,,,,,,,39.25,8.07,27,8.83,3.69,Damage
Echo,Master,2.74,2.05,50.15,19.17,5.98,53,8929,,8.11,,,,,,,,,10.78,1.65,26,,,,,,,,,,,,,,,,,,,,,,,,,,,,,,,,,,,,,,,,,,,,,,,,,,,,,,,,,,,,,,,,,,,,,,,,,,,,,,,,,,,,,,,,,,,,,,,,,,,,,,,,39.86,8.25,27,8.84,3.82,Damage
Echo,Grandmaster,2.90,3.32,50.45,19.25,5.51,49,9419,,7.70,,,,,,,,,11.17,1.45,26,,,,,,,,,,,,,,,,,,,,,,,,,,,,,,,,,,,,,,,,,,,,,,,,,,,,,,,,,,,,,,,,,,,,,,,,,,,,,,,,,,,,,,,,,,,,,,,,,,,,,,,,41.25,8.25,27,8.81,3.65,Damage
