Hero,Skill Tier,KDA Ratio,"Pick Rate, %","Win Rate, %",Eliminations / 10min,Objective Kills / 10min,Objective Time / 10min,Damage / 10min,Healing / 10min,Deaths / 10min,"Scoped Accuracy, %",Biotic Grenade Kills / 10min,Enemies Slept / 10min,Healing Amplified / 10min,Nano Boost Assists / 10min,Blaster Kills / 10min,Damage Amplified / 10min,Players Resurrected / 10min,Final Blows / 10min,Solo Kills / 10min,"Weapon Accuracy, %","Crit Accuracy, %",Deadeye Kills / 10min,Magnetic Grenade Attaches,Magnetic Grenade Kills / 10min,Swift Strike Resets / 10min,Damage Reflected / 10min,Ultimates Reflected / 10min,Dragonblade Kills / 10min,Kunai Kills / 10min,Effects Cleansed / 10min,Kitsune Rush Assists / 10min,"Secondary Accuracy, %",Biotic Orb Kills / 10min,"Ally Coalescence Efficiency, %","Enemy Coalescence Efficiency, %",Coalescence Kills / 10min,Objective Contest Time / 10min,Charge Kills / 10min,Fire Strike Kills / 10min,Earthshatter Kills / 10min,Long Range Kills / 10min,Storm Arrow Kills / 10min,Recon Assists / 10min,Dragonstrike Kills / 10min,Venom Mine Kills / 10min,"Helix Rocket Accuracy, %",Helix Rocket Kills / 10min,Tactical Visor Kills / 10min,"Charged Volley Accuracy, %",Charged Volley Kills / 10min,Transcendence Healing / 10min,Knockbacks / 10min,Sound Barriers / 10min,"Micro Missile Kills, % / 10min",Call Mech Kills / 10min,Self-Destruct Kills / 10min,Direct Hits,Concussion Mine Kills / 10min,Enemies Trapped / 10min,Coach Gun Kills / 10min,Dynamite Kills / 10min,Bob Kills / 10min,Self Healing / 10min,Low Health Recalls / 10min,Pulse Bombs Stuck / 10min,Pulse Bomb Kills / 10min,Chain Hook Kills / 10min,"Chain Hook Accuracy, %",Whole Hog Kills / 10min,"Primary Accuracy, %",High Energy Kills / 10min,"Average Energy, %",Graviton Surge Kills / 10min,Death Blossom Kills / 10min,Healing Accuracy,Deaths Prevented / 10min,Amp Matrix Assists / 10min,Energy Javelin Kills / 10min,Javelin Spin Kills / 10min,Terra Surge Kills / 10min,"Airtime, %",Barrage Kills / 10min,Accretion Kills / 10min,Overhealth / 10min,Gravitic Flux Kills / 10min,Rocket Punch Kills / 10min,Seismic Slam Kills / 10min,Meteor Strike Kills / 10min,Inspire Uptime,"Icicle Accuracy, % / 10min","Icicle Crit Accuracy, % / 10min",Enemies Frozen / 10min,Blizzard Kills / 10min,Jump Pack Kills / 10min,Primal Rage Kills / 10min,Recon Kills / 10min,Assault Kills / 10min,Tactical Grenade Kills / 10min,Artillery Kills / 10min,Enemies Hacked / 10min,Low Health Teleports / 10min,EMP Kills / 10min,Grappling Claw Kills / 10min,Piledriver Kills / 10min,"Charged Shot Accuracy, %","Charged Crit Accuracy, %",Charged Shot Kills / 10min,Disruptor Shot Kills / 10min,Overclock Kills / 10min,Average Damage Multiplier,Players Teleported / 10min,Sentry Turret Kills / 10min,Hammer Kills / 10min,Turret Kills / 10min,Molten Core Kills / 10min,"Pummel Accuracy, %",Pummel Kills / 10min,Ravenous Vortex Kills / 10min,Annihilation Kills / 10min,"Jagged Blade Accuracy, %",Carnage Kills / 10min,"Wound Uptime, %",Rampage Kills / 10min,"Focusing Beam Accuracy, %",Focusing Beam Kills / 10min,"Sticky Bomb Accuracy, %",Sticky Bomb Kills / 10min,Duplicate Kills / 10min,Role
Ana,All,4.36,9.72,49.77,9.72,4.21,63,2737,8419,6.21,56,4.97,5.39,444.00,3.00,,,,,,,,,,,,,,,,,,,,,,,,,,,,,,,,,,,,,,,,,,,,,,,,,,,,,,,,,,,,,,,,,,,,,,,,,,,,,,,,,,,,,,,,,,,,,,,,,,,,,,,,,,,,,,,,,,,Support
Ana,Bronze,4.18,6.16,41.01,8.9,3.83,62,2597,7823,6.61,52,4.61,5.05,408.38,2.95,,,,,,,,,,,,,,,,,,,,,,,,,,,,,,,,,,,,,,,,,,,,,,,,,,,,,,,,,,,,,,,,,,,,,,,,,,,,,,,,,,,,,,,,,,,,,,,,,,,,,,,,,,,,,,,,,,,Support
Ana,Silver,4.04,7.28,44.3,8.99,3.9,63,2619,7938,6.56,54,4.57,5.06,426.19,2.81,,,,,,,,,,,,,,,,,,,,,,,,,,,,,,,,,,,,,,,,,,,,,,,,,,,,,,,,,,,,,,,,,,,,,,,,,,,,,,,,,,,,,,,,,,,,,,,,,,,,,,,,,,,,,,,,,,,Support
Ana,Gold,4.22,7.38,46.08,9.13,4.03,63,2604,8101,6.54,53,4.73,5.25,435.13,2.91,,,,,,,,,,,,,,,,,,,,,,,,,,,,,,,,,,,,,,,,,,,,,,,,,,,,,,,,,,,,,,,,,,,,,,,,,,,,,,,,,,,,,,,,,,,,,,,,,,,,,,,,,,,,,,,,,,,Support
Ana,Platinum,4.38,8.78,49.98,9.59,4.26,64,2690,8429,6.26,56,4.96,5.44,451.29,3.03,,,,,,,,,,,,,,,,,,,,,,,,,,,,,,,,,,,,,,,,,,,,,,,,,,,,,,,,,,,,,,,,,,,,,,,,,,,,,,,,,,,,,,,,,,,,,,,,,,,,,,,,,,,,,,,,,,,Support
Ana,Diamond,4.53,11.31,50.61,10.0,4.14,61,2802,8473,6.19,56,5.22,5.58,434.36,3.22,,,,,,,,,,,,,,,,,,,,,,,,,,,,,,,,,,,,,,,,,,,,,,,,,,,,,,,,,,,,,,,,,,,,,,,,,,,,,,,,,,,,,,,,,,,,,,,,,,,,,,,,,,,,,,,,,,,Support
Ana,Master,4.63,9.59,49.52,9.72,4.09,61,2748,8371,6.25,55,5.08,5.57,431.71,3.17,,,,,,,,,,,,,,,,,,,,,,,,,,,,,,,,,,,,,,,,,,,,,,,,,,,,,,,,,,,,,,,,,,,,,,,,,,,,,,,,,,,,,,,,,,,,,,,,,,,,,,,,,,,,,,,,,,,Support
Ana,Grandmaster,4.36,8.54,47.95,9.3,3.89,62,2665,8299,6.46,55,4.86,5.35,428.94,3.09,,,,,,,,,,,,,,,,,,,,,,,,,,,,,,,,,,,,,,,,,,,,,,,,,,,,,,,,,,,,,,,,,,,,,,,,,,,,,,,,,,,,,,,,,,,,,,,,,,,,,,,,,,,,,,,,,,,Support
Mercy,All,3.96,5.15,48.46,2.03,0.9,52,398,8815,6.5,,,,,,2.01,960.10,4.54,,,,,,,,,,,,,,,,,,,,,,,,,,,,,,,,,,,,,,,,,,,,,,,,,,,,,,,,,,,,,,,,,,,,,,,,,,,,,,,,,,,,,,,,,,,,,,,,,,,,,,,,,,,,,,,,Support
Mercy,Bronze,3.23,2.98,37.54,1.98,1.07,54,416,8641,7.34,,,,,,1.97,747.95,4.22,,,,,,,,,,,,,,,,,,,,,,,,,,,,,,,,,,,,,,,,,,,,,,,,,,,,,,,,,,,,,,,,,,,,,,,,,,,,,,,,,,,,,,,,,,,,,,,,,,,,,,,,,,,,,,,,Support
Mercy,Silver,3.21,4.3,37.31,2.07,1.01,54,422,8826,7.18,,,,,,2.06,753.59,4.32,,,,,,,,,,,,,,,,,,,,,,,,,,,,,,,,,,,,,,,,,,,,,,,,,,,,,,,,,,,,,,,,,,,,,,,,,,,,,,,,,,,,,,,,,,,,,,,,,,,,,,,,,,,,,,,,Support
Mercy,Gold,3.41,4.9,47.09,1.99,0.99,53,380,8858,6.99,,,,,,1.96,857.38,4.34,,,,,,,,,,,,,,,,,,,,,,,,,,,,,,,,,,,,,,,,,,,,,,,,,,,,,,,,,,,,,,,,,,,,,,,,,,,,,,,,,,,,,,,,,,,,,,,,,,,,,,,,,,,,,,,,Support
Mercy,Platinum,3.79,4.73,47.84,1.82,0.89,53,356,8913,6.73,,,,,,1.81,900.21,4.62,,,,,,,,,,,,,,,,,,,,,,,,,,,,,,,,,,,,,,,,,,,,,,,,,,,,,,,,,,,,,,,,,,,,,,,,,,,,,,,,,,,,,,,,,,,,,,,,,,,,,,,,,,,,,,,,Support
Mercy,Diamond,3.82,5.14,47.99,2.04,0.94,49,377,8716,6.88,,,,,,2.02,926.95,4.63,,,,,,,,,,,,,,,,,,,,,,,,,,,,,,,,,,,,,,,,,,,,,,,,,,,,,,,,,,,,,,,,,,,,,,,,,,,,,,,,,,,,,,,,,,,,,,,,,,,,,,,,,,,,,,,,Support
Mercy,Master,3.84,4.7,48.44,1.92,1.01,48,359,8712,6.75,,,,,,1.89,973.07,4.47,,,,,,,,,,,,,,,,,,,,,,,,,,,,,,,,,,,,,,,,,,,,,,,,,,,,,,,,,,,,,,,,,,,,,,,,,,,,,,,,,,,,,,,,,,,,,,,,,,,,,,,,,,,,,,,,Support
Mercy,Grandmaster,3.55,6.88,48.49,2.02,1.21,48,379,8587,6.94,,,,,,1.98,948.63,4.45,,,,,,,,,,,,,,,,,,,,,,,,,,,,,,,,,,,,,,,,,,,,,,,,,,,,,,,,,,,,,,,,,,,,,,,,,,,,,,,,,,,,,,,,,,,,,,,,,,,,,,,,,,,,,,,,Support
Cassidy,All,2.33,3.67,41.19,17.89,6.69,52,8537,,8.51,,,,,,,,,11.13,2.12,42,9,2.12,58.81,5.62,,,,,,,,,,,,,,,,,,,,,,,,,,,,,,,,,,,,,,,,,,,,,,,,,,,,,,,,,,,,,,,,,,,,,,,,,,,,,,,,,,,,,,,,,,,,,,,,,,,,,,,,,Damage
Cassidy,Bronze,2.18,1.32,44.25,15.68,5.63,53,7679,,8.66,,,,,,,,,9.53,2.15,39,9,2.14,54.51,4.82,,,,,,,,,,,,,,,,,,,,,,,,,,,,,,,,,,,,,,,,,,,,,,,,,,,,,,,,,,,,,,,,,,,,,,,,,,,,,,,,,,,,,,,,,,,,,,,,,,,,,,,,,Damage
Cassidy,Silver,2.25,1.53,45.91,16.59,6.37,57,7820,,8.8,,,,,,,,,10.25,2.25,39,9,2.24,53.83,5.11,,,,,,,,,,,,,,,,,,,,,,,,,,,,,,,,,,,,,,,,,,,,,,,,,,,,,,,,,,,,,,,,,,,,,,,,,,,,,,,,,,,,,,,,,,,,,,,,,,,,,,,,,Damage
Cassidy,Gold,2.37,1.92,44.22,17.12,6.34,53,8107,,8.62,,,,,,,,,10.46,2.34,41,9,2.22,56.50,5.29,,,,,,,,,,,,,,,,,,,,,,,,,,,,,,,,,,,,,,,,,,,,,,,,,,,,,,,,,,,,,,,,,,,,,,,,,,,,,,,,,,,,,,,,,,,,,,,,,,,,,,,,,Damage
Cassidy,Platinum,2.35,3.18,44.31,17.78,6.69,54,8402,,8.5,,,,,,,,,11.09,2.13,41,9,2.23,59.12,5.75,,,,,,,,,,,,,,,,,,,,,,,,,,,,,,,,,,,,,,,,,,,,,,,,,,,,,,,,,,,,,,,,,,,,,,,,,,,,,,,,,,,,,,,,,,,,,,,,,,,,,,,,,Damage
Cassidy,Diamond,2.28,5.69,32.75,17.65,6.53,53,8500,,8.58,,,,,,,,,10.91,2.01,42,10,2.04,59.40,5.60,,,,,,,,,,,,,,,,,,,,,,,,,,,,,,,,,,,,,,,,,,,,,,,,,,,,,,,,,,,,,,,,,,,,,,,,,,,,,,,,,,,,,,,,,,,,,,,,,,,,,,,,,Damage
Cassidy,Master,2.25,4.9,49.8,17.76,6.28,51,8692,,8.75,,,,,,,,,11.10,2.03,42,10,1.97,59.22,5.50,,,,,,,,,,,,,,,,,,,,,,,,,,,,,,,,,,,,,,,,,,,,,,,,,,,,,,,,,,,,,,,,,,,,,,,,,,,,,,,,,,,,,,,,,,,,,,,,,,,,,,,,,Damage
Cassidy,Grandmaster,2.18,3.85,46.59,16.71,5.83,49,8308,,8.86,,,,,,,,,10.51,1.93,41,10,1.91,57.32,5.26,,,,,,,,,,,,,,,,,,,,,,,,,,,,,,,,,,,,,,,,,,,,,,,,,,,,,,,,,,,,,,,,,,,,,,,,,,,,,,,,,,,,,,,,,,,,,,,,,,,,,,,,,Damage
Genji,All,2.36,3.38,48.61,18.24,5.39,64,7518,,8.54,,,,,,,,,9.95,1.96,29,,,,,16.14,1853.00,0.24,3.74,,,,,,,,,,,,,,,,,,,,,,,,,,,,,,,,,,,,,,,,,,,,,,,,,,,,,,,,,,,,,,,,,,,,,,,,,,,,,,,,,,,,,,,,,,,,,,,,,,,,,Damage
Genji,Bronze,2.58,1.53,47.45,17.78,5.47,67,7338,,8.47,,,,,,,,,9.84,2.06,28,,,,,15.31,1756.84,—,3.55,,,,,,,,,,,,,,,,,,,,,,,,,,,,,,,,,,,,,,,,,,,,,,,,,,,,,,,,,,,,,,,,,,,,,,,,,,,,,,,,,,,,,,,,,,,,,,,,,,,,,Damage
Genji,Silver,2.5,1.91,46.44,17.53,5.49,67,7171,,8.35,,,,,,,,,9.75,2.09,28,,,,,15.06,1825.14,0.01,3.53,,,,,,,,,,,,,,,,,,,,,,,,,,,,,,,,,,,,,,,,,,,,,,,,,,,,,,,,,,,,,,,,,,,,,,,,,,,,,,,,,,,,,,,,,,,,,,,,,,,,,Damage
Genji,Gold,2.43,1.6,43.41,17.65,5.4,65,7232,,8.25,,,,,,,,,9.75,2.07,28,,,,,14.80,1842.05,0.11,3.66,,,,,,,,,,,,,,,,,,,,,,,,,,,,,,,,,,,,,,,,,,,,,,,,,,,,,,,,,,,,,,,,,,,,,,,,,,,,,,,,,,,,,,,,,,,,,,,,,,,,,Damage
Genji,Platinum,2.45,3.12,48.81,18.47,5.44,66,7449,,8.56,,,,,,,,,10.08,1.90,29,,,,,16.06,1884.50,0.25,3.63,,,,,,,,,,,,,,,,,,,,,,,,,,,,,,,,,,,,,,,,,,,,,,,,,,,,,,,,,,,,,,,,,,,,,,,,,,,,,,,,,,,,,,,,,,,,,,,,,,,,,Damage
Genji,Diamond,2.52,4.77,50.19,18.68,5.43,63,7697,,8.44,,,,,,,,,10.17,2.00,29,,,,,16.84,1876.90,0.08,3.73,,,,,,,,,,,,,,,,,,,,,,,,,,,,,,,,,,,,,,,,,,,,,,,,,,,,,,,,,,,,,,,,,,,,,,,,,,,,,,,,,,,,,,,,,,,,,,,,,,,,,Damage
Genji,Master,2.65,5.23,47.48,19.49,5.62,66,7956,,8.21,,,,,,,,,10.88,1.97,29,,,,,17.71,1826.16,0.48,3.94,,,,,,,,,,,,,,,,,,,,,,,,,,,,,,,,,,,,,,,,,,,,,,,,,,,,,,,,,,,,,,,,,,,,,,,,,,,,,,,,,,,,,,,,,,,,,,,,,,,,,Damage
Genji,Grandmaster,2.61,4.92,52.86,18.97,5.23,61,7735,,8.21,,,,,,,,,10.76,1.99,28,,,,,17.33,1823.84,0.03,3.91,,,,,,,,,,,,,,,,,,,,,,,,,,,,,,,,,,,,,,,,,,,,,,,,,,,,,,,,,,,,,,,,,,,,,,,,,,,,,,,,,,,,,,,,,,,,,,,,,,,,,Damage
Kiriko,All,4.93,9.34,48.91,8.55,3.8,69,2498,9041,5.83,,,,,,,,,,,30,15,,,,,,,,8.49,4.51,18.60,,,,,,,,,,,,,,,,,,,,,,,,,,,,,,,,,,,,,,,,,,,,,,,,,,,,,,,,,,,,,,,,,,,,,,,,,,,,,,,,,,,,,,,,,,,,,,,,,,Support
Kiriko,Bronze,4.78,8.04,45.8,7.95,3.71,67,2369,8544,6.12,,,,,,,,,,,30,14,,,,,,,,7.90,4.30,17.01,,,,,,,,,,,,,,,,,,,,,,,,,,,,,,,,,,,,,,,,,,,,,,,,,,,,,,,,,,,,,,,,,,,,,,,,,,,,,,,,,,,,,,,,,,,,,,,,,,Support
Kiriko,Silver,4.67,7.46,47.91,8.07,3.88,68,2328,8521,6.23,,,,,,,,,,,29,14,,,,,,,,8.02,4.09,17.97,,,,,,,,,,,,,,,,,,,,,,,,,,,,,,,,,,,,,,,,,,,,,,,,,,,,,,,,,,,,,,,,,,,,,,,,,,,,,,,,,,,,,,,,,,,,,,,,,,Support
Kiriko,Gold,4.81,7.06,46.71,7.97,3.59,69,2392,8689,5.98,,,,,,,,,,,30,14,,,,,,,,7.92,4.51,17.43,,,,,,,,,,,,,,,,,,,,,,,,,,,,,,,,,,,,,,,,,,,,,,,,,,,,,,,,,,,,,,,,,,,,,,,,,,,,,,,,,,,,,,,,,,,,,,,,,,Support
Kiriko,Platinum,5.1,8.2,48.72,8.53,3.81,70,2500,9002,5.93,,,,,,,,,,,30,15,,,,,,,,8.48,4.68,18.47,,,,,,,,,,,,,,,,,,,,,,,,,,,,,,,,,,,,,,,,,,,,,,,,,,,,,,,,,,,,,,,,,,,,,,,,,,,,,,,,,,,,,,,,,,,,,,,,,,Support
Kiriko,Diamond,5.25,8.52,49.49,9.2,4.07,67,2629,8992,5.8,,,,,,,,,,,31,16,,,,,,,,9.13,4.79,19.59,,,,,,,,,,,,,,,,,,,,,,,,,,,,,,,,,,,,,,,,,,,,,,,,,,,,,,,,,,,,,,,,,,,,,,,,,,,,,,,,,,,,,,,,,,,,,,,,,,Support
Kiriko,Master,5.11,10.58,51.16,8.85,3.79,65,2625,8894,5.91,,,,,,,,,,,31,16,,,,,,,,8.78,4.86,18.21,,,,,,,,,,,,,,,,,,,,,,,,,,,,,,,,,,,,,,,,,,,,,,,,,,,,,,,,,,,,,,,,,,,,,,,,,,,,,,,,,,,,,,,,,,,,,,,,,,Support
Kiriko,Grandmaster,5.14,11.9,50.11,8.61,3.82,66,2572,8908,5.88,,,,,,,,,,,30,15,,,,,,,,8.55,4.61,18.75,,,,,,,,,,,,,,,,,,,,,,,,,,,,,,,,,,,,,,,,,,,,,,,,,,,,,,,,,,,,,,,,,,,,,,,,,,,,,,,,,,,,,,,,,,,,,,,,,,Support
Moira,All,5.84,4.22,45.41,17.82,8.23,86,5294,9105,6.45,,,,,,,,,,,,,,,,,,,,,,,50,8.70,44,66,3.88,,,,,,,,,,,,,,,,,,,,,,,,,,,,,,,,,,,,,,,,,,,,,,,,,,,,,,,,,,,,,,,,,,,,,,,,,,,,,,,,,,,,,,,,,,,,,Support
Moira,Bronze,5.07,5.78,40.05,15.91,7.31,92,4921,8795,6.87,,,,,,,,,,,,,,,,,,,,,,,48,7.54,42,67,3.76,,,,,,,,,,,,,,,,,,,,,,,,,,,,,,,,,,,,,,,,,,,,,,,,,,,,,,,,,,,,,,,,,,,,,,,,,,,,,,,,,,,,,,,,,,,,,Support
Moira,Silver,6.01,5.32,43.04,17.19,7.99,90,5168,8993,6.45,,,,,,,,,,,,,,,,,,,,,,,48,8.27,44,67,3.80,,,,,,,,,,,,,,,,,,,,,,,,,,,,,,,,,,,,,,,,,,,,,,,,,,,,,,,,,,,,,,,,,,,,,,,,,,,,,,,,,,,,,,,,,,,,,Support
Moira,Gold,5.31,5.01,43.5,17.43,8.06,88,5237,9008,6.61,,,,,,,,,,,,,,,,,,,,,,,49,8.45,45,67,3.92,,,,,,,,,,,,,,,,,,,,,,,,,,,,,,,,,,,,,,,,,,,,,,,,,,,,,,,,,,,,,,,,,,,,,,,,,,,,,,,,,,,,,,,,,,,,,Support
Moira,Platinum,5.74,4.78,43.85,17.66,8.18,86,5267,9336,6.55,,,,,,,,,,,,,,,,,,,,,,,50,8.47,46,66,3.99,,,,,,,,,,,,,,,,,,,,,,,,,,,,,,,,,,,,,,,,,,,,,,,,,,,,,,,,,,,,,,,,,,,,,,,,,,,,,,,,,,,,,,,,,,,,,Support
Moira,Diamond,5.75,5.16,44.46,17.85,7.92,86,5476,9199,6.52,,,,,,,,,,,,,,,,,,,,,,,50,9.04,43,68,4.12,,,,,,,,,,,,,,,,,,,,,,,,,,,,,,,,,,,,,,,,,,,,,,,,,,,,,,,,,,,,,,,,,,,,,,,,,,,,,,,,,,,,,,,,,,,,,Support
Moira,Master,5.52,5.05,42.04,16.57,7.4,89,5187,9213,6.61,,,,,,,,,,,,,,,,,,,,,,,49,7.91,44,65,3.96,,,,,,,,,,,,,,,,,,,,,,,,,,,,,,,,,,,,,,,,,,,,,,,,,,,,,,,,,,,,,,,,,,,,,,,,,,,,,,,,,,,,,,,,,,,,,Support
Moira,Grandmaster,5.0,6.26,41.97,16.2,7.14,87,4993,9376,6.86,,,,,,,,,,,,,,,,,,,,,,,49,7.67,44,64,3.85,,,,,,,,,,,,,,,,,,,,,,,,,,,,,,,,,,,,,,,,,,,,,,,,,,,,,,,,,,,,,,,,,,,,,,,,,,,,,,,,,,,,,,,,,,,,,Support
Reinhardt,All,3.08,2.37,51.24,16.94,6.51,125,8443,,7.08,,,,,,,,,,,,,,,,,,,,,,,,,,,,76,3.83,6.92,3.86,,,,,,,,,,,,,,,,,,,,,,,,,,,,,,,,,,,,,,,,,,,,,,,,,,,,,,,,,,,,,,,,,,,,,,,,,,,,,,,,,,,,,,,,,Tank
Reinhardt,Bronze,2.95,1.94,45.29,15.11,6.27,130,7536,,7.14,,,,,,,,,,,,,,,,,,,,,,,,,,,,75,3.61,5.89,3.58,,,,,,,,,,,,,,,,,,,,,,,,,,,,,,,,,,,,,,,,,,,,,,,,,,,,,,,,,,,,,,,,,,,,,,,,,,,,,,,,,,,,,,,,,Tank
Reinhardt,Silver,3.05,2.04,50.41,16.1,6.55,126,8000,,7.09,,,,,,,,,,,,,,,,,,,,,,,,,,,,74,3.78,6.36,3.80,,,,,,,,,,,,,,,,,,,,,,,,,,,,,,,,,,,,,,,,,,,,,,,,,,,,,,,,,,,,,,,,,,,,,,,,,,,,,,,,,,,,,,,,,Tank
Reinhardt,Gold,3.26,1.97,50.28,16.3,6.42,129,8132,,7.04,,,,,,,,,,,,,,,,,,,,,,,,,,,,77,3.83,6.78,3.86,,,,,,,,,,,,,,,,,,,,,,,,,,,,,,,,,,,,,,,,,,,,,,,,,,,,,,,,,,,,,,,,,,,,,,,,,,,,,,,,,,,,,,,,,Tank
Reinhardt,Platinum,3.2,2.69,47.49,16.6,6.33,124,8238,,7.01,,,,,,,,,,,,,,,,,,,,,,,,,,,,76,3.79,6.67,3.71,,,,,,,,,,,,,,,,,,,,,,,,,,,,,,,,,,,,,,,,,,,,,,,,,,,,,,,,,,,,,,,,,,,,,,,,,,,,,,,,,,,,,,,,,Tank
Reinhardt,Diamond,2.98,3.26,52.27,16.5,6.17,119,8539,,7.13,,,,,,,,,,,,,,,,,,,,,,,,,,,,74,3.73,6.91,3.78,,,,,,,,,,,,,,,,,,,,,,,,,,,,,,,,,,,,,,,,,,,,,,,,,,,,,,,,,,,,,,,,,,,,,,,,,,,,,,,,,,,,,,,,,Tank
Reinhardt,Master,3.1,2.55,52.18,16.54,6.07,120,8383,,6.99,,,,,,,,,,,,,,,,,,,,,,,,,,,,72,3.68,6.86,3.89,,,,,,,,,,,,,,,,,,,,,,,,,,,,,,,,,,,,,,,,,,,,,,,,,,,,,,,,,,,,,,,,,,,,,,,,,,,,,,,,,,,,,,,,,Tank
Reinhardt,Grandmaster,3.15,2.31,52.81,16.0,5.9,118,7987,,7.04,,,,,,,,,,,,,,,,,,,,,,,,,,,,71,3.55,6.60,3.77,,,,,,,,,,,,,,,,,,,,,,,,,,,,,,,,,,,,,,,,,,,,,,,,,,,,,,,,,,,,,,,,,,,,,,,,,,,,,,,,,,,,,,,,,Tank
Hanzo,All,3.02,2.61,47.28,17.08,6.11,50,7838,,8.14,,,,,,,,,11.03,2.83,39,13,,,,,,,,,,,,,,,,,,,,2.67,5.39,3.78,2.04,,,,,,,,,,,,,,,,,,,,,,,,,,,,,,,,,,,,,,,,,,,,,,,,,,,,,,,,,,,,,,,,,,,,,,,,,,,,,,,,,,,,,Damage
Hanzo,Bronze,2.5,1.27,38.3,14.91,5.79,56,7300,,8.33,,,,,,,,,9.48,2.63,37,12,,,,,,,,,,,,,,,,,,,,2.61,4.68,2.96,2.12,,,,,,,,,,,,,,,,,,,,,,,,,,,,,,,,,,,,,,,,,,,,,,,,,,,,,,,,,,,,,,,,,,,,,,,,,,,,,,,,,,,,,Damage
Hanzo,Silver,2.75,1.24,41.63,15.76,6.14,56,7414,,8.35,,,,,,,,,10.00,2.96,37,12,,,,,,,,,,,,,,,,,,,,2.60,4.86,3.29,2.29,,,,,,,,,,,,,,,,,,,,,,,,,,,,,,,,,,,,,,,,,,,,,,,,,,,,,,,,,,,,,,,,,,,,,,,,,,,,,,,,,,,,,Damage
Hanzo,Gold,3.09,2.52,48.95,16.78,6.33,56,7701,,8.0,,,,,,,,,10.66,2.78,39,12,,,,,,,,,,,,,,,,,,,,2.39,5.25,3.36,2.19,,,,,,,,,,,,,,,,,,,,,,,,,,,,,,,,,,,,,,,,,,,,,,,,,,,,,,,,,,,,,,,,,,,,,,,,,,,,,,,,,,,,,Damage
Hanzo,Platinum,2.71,2.77,46.37,16.58,5.96,50,7731,,8.32,,,,,,,,,10.66,2.78,39,13,,,,,,,,,,,,,,,,,,,,2.79,5.09,3.56,1.98,,,,,,,,,,,,,,,,,,,,,,,,,,,,,,,,,,,,,,,,,,,,,,,,,,,,,,,,,,,,,,,,,,,,,,,,,,,,,,,,,,,,,Damage
Hanzo,Diamond,2.9,2.65,43.58,16.82,6.18,51,7707,,8.34,,,,,,,,,10.60,2.71,39,13,,,,,,,,,,,,,,,,,,,,2.50,5.39,3.83,2.02,,,,,,,,,,,,,,,,,,,,,,,,,,,,,,,,,,,,,,,,,,,,,,,,,,,,,,,,,,,,,,,,,,,,,,,,,,,,,,,,,,,,,Damage
Hanzo,Master,2.86,2.91,48.46,17.07,5.9,53,7928,,8.38,,,,,,,,,11.08,2.89,39,13,,,,,,,,,,,,,,,,,,,,2.49,5.48,3.84,1.99,,,,,,,,,,,,,,,,,,,,,,,,,,,,,,,,,,,,,,,,,,,,,,,,,,,,,,,,,,,,,,,,,,,,,,,,,,,,,,,,,,,,,Damage
Hanzo,Grandmaster,2.65,2.99,49.55,16.3,5.54,53,7740,,8.44,,,,,,,,,10.47,2.73,39,13,,,,,,,,,,,,,,,,,,,,2.43,5.49,3.59,1.93,,,,,,,,,,,,,,,,,,,,,,,,,,,,,,,,,,,,,,,,,,,,,,,,,,,,,,,,,,,,,,,,,,,,,,,,,,,,,,,,,,,,,Damage
Widowmaker,All,2.8,2.79,50.07,16.64,4.14,22,6180,,7.87,46,,,,,,,,11.51,4.46,,,,,,,,,,,,,,,,,,,,,,,,3.79,,1.32,,,,,,,,,,,,,,,,,,,,,,,,,,,,,,,,,,,,,,,,,,,,,,,,,,,,,,,,,,,,,,,,,,,,,,,,,,,,,,,,,,,,Damage
Widowmaker,Bronze,2.71,2.42,47.79,15.6,4.09,22,5933,,7.73,46,,,,,,,,10.86,4.50,,,,,,,,,,,,,,,,,,,,,,,,3.79,,1.50,,,,,,,,,,,,,,,,,,,,,,,,,,,,,,,,,,,,,,,,,,,,,,,,,,,,,,,,,,,,,,,,,,,,,,,,,,,,,,,,,,,,Damage
Widowmaker,Silver,2.76,1.83,47.03,15.38,4.06,22,5732,,7.85,44,,,,,,,,10.70,4.36,,,,,,,,,,,,,,,,,,,,,,,,3.84,,1.49,,,,,,,,,,,,,,,,,,,,,,,,,,,,,,,,,,,,,,,,,,,,,,,,,,,,,,,,,,,,,,,,,,,,,,,,,,,,,,,,,,,,Damage
Widowmaker,Gold,2.79,1.96,48.39,16.14,4.17,24,6041,,7.66,46,,,,,,,,11.08,4.24,,,,,,,,,,,,,,,,,,,,,,,,3.83,,1.48,,,,,,,,,,,,,,,,,,,,,,,,,,,,,,,,,,,,,,,,,,,,,,,,,,,,,,,,,,,,,,,,,,,,,,,,,,,,,,,,,,,,Damage
Widowmaker,Platinum,2.8,2.71,47.78,16.65,4.21,22,6158,,7.89,46,,,,,,,,11.57,4.50,,,,,,,,,,,,,,,,,,,,,,,,3.78,,1.43,,,,,,,,,,,,,,,,,,,,,,,,,,,,,,,,,,,,,,,,,,,,,,,,,,,,,,,,,,,,,,,,,,,,,,,,,,,,,,,,,,,,Damage
Widowmaker,Diamond,2.82,4.08,49.51,16.98,4.3,23,6247,,7.81,46,,,,,,,,11.72,4.64,,,,,,,,,,,,,,,,,,,,,,,,3.77,,1.41,,,,,,,,,,,,,,,,,,,,,,,,,,,,,,,,,,,,,,,,,,,,,,,,,,,,,,,,,,,,,,,,,,,,,,,,,,,,,,,,,,,,Damage
Widowmaker,Master,3.02,5.48,53.45,17.26,4.33,23,6360,,7.85,46,,,,,,,,12.07,4.72,,,,,,,,,,,,,,,,,,,,,,,,4.17,,1.28,,,,,,,,,,,,,,,,,,,,,,,,,,,,,,,,,,,,,,,,,,,,,,,,,,,,,,,,,,,,,,,,,,,,,,,,,,,,,,,,,,,,Damage
Widowmaker,Grandmaster,2.72,5.96,53.67,16.86,4.08,22,6212,,7.95,45,,,,,,,,11.66,4.58,,,,,,,,,,,,,,,,,,,,,,,,4.19,,1.23,,,,,,,,,,,,,,,,,,,,,,,,,,,,,,,,,,,,,,,,,,,,,,,,,,,,,,,,,,,,,,,,,,,,,,,,,,,,,,,,,,,,Damage
Soldier: 76,All,3.0,4.17,48.22,19.66,7.56,53,9381,1314,8.39,,,,,,,,,10.06,1.77,35,8,,,,,,,,,,,,,,,,,,,,1.50,,,,,57,7.36,3.48,,,,,,,,,,,,,,,,,,,,,,,,,,,,,,,,,,,,,,,,,,,,,,,,,,,,,,,,,,,,,,,,,,,,,,,,,,,,,,,,,Damage
Soldier: 76,Bronze,2.92,2.8,39.9,18.36,7.61,58,8780,1265,8.83,,,,,,,,,9.30,1.64,33,8,,,,,,,,,,,,,,,,,,,,1.41,,,,,55,6.61,3.49,,,,,,,,,,,,,,,,,,,,,,,,,,,,,,,,,,,,,,,,,,,,,,,,,,,,,,,,,,,,,,,,,,,,,,,,,,,,,,,,,Damage
Soldier: 76,Silver,2.94,2.95,42.64,19.01,7.75,60,8984,1298,8.73,,,,,,,,,9.60,1.79,34,8,,,,,,,,,,,,,,,,,,,,1.40,,,,,55,6.83,3.64,,,,,,,,,,,,,,,,,,,,,,,,,,,,,,,,,,,,,,,,,,,,,,,,,,,,,,,,,,,,,,,,,,,,,,,,,,,,,,,,,Damage
Soldier: 76,Gold,3.17,4.17,47.33,19.49,7.79,58,9158,1320,8.43,,,,,,,,,9.87,1.89,34,8,,,,,,,,,,,,,,,,,,,,1.48,,,,,56,7.00,3.49,,,,,,,,,,,,,,,,,,,,,,,,,,,,,,,,,,,,,,,,,,,,,,,,,,,,,,,,,,,,,,,,,,,,,,,,,,,,,,,,,Damage
Soldier: 76,Platinum,2.82,3.83,47.17,19.13,7.41,54,9351,1306,8.56,,,,,,,,,9.81,1.73,35,8,,,,,,,,,,,,,,,,,,,,1.41,,,,,57,7.15,3.41,,,,,,,,,,,,,,,,,,,,,,,,,,,,,,,,,,,,,,,,,,,,,,,,,,,,,,,,,,,,,,,,,,,,,,,,,,,,,,,,,Damage
Soldier: 76,Diamond,3.43,4.76,47.18,20.43,7.77,53,9634,1336,8.16,,,,,,,,,10.58,1.68,36,8,,,,,,,,,,,,,,,,,,,,1.51,,,,,58,7.95,3.59,,,,,,,,,,,,,,,,,,,,,,,,,,,,,,,,,,,,,,,,,,,,,,,,,,,,,,,,,,,,,,,,,,,,,,,,,,,,,,,,,Damage
Soldier: 76,Master,3.17,4.54,49.31,20.08,7.56,50,9614,1302,8.36,,,,,,,,,10.58,1.62,36,8,,,,,,,,,,,,,,,,,,,,1.54,,,,,56,7.69,3.78,,,,,,,,,,,,,,,,,,,,,,,,,,,,,,,,,,,,,,,,,,,,,,,,,,,,,,,,,,,,,,,,,,,,,,,,,,,,,,,,,Damage
Soldier: 76,Grandmaster,3.27,4.66,46.94,19.68,7.5,55,9519,1311,8.4,,,,,,,,,10.20,1.56,36,8,,,,,,,,,,,,,,,,,,,,1.55,,,,,55,7.63,3.59,,,,,,,,,,,,,,,,,,,,,,,,,,,,,,,,,,,,,,,,,,,,,,,,,,,,,,,,,,,,,,,,,,,,,,,,,,,,,,,,,Damage
Zenyatta,All,5.5,2.22,51.49,14.28,6.03,66,5132,6446,7.02,,,,,,,1515.49,,,,26,,,,,,,,,,,,,,,,,,,,,,,,,,,,,23,6.15,1298.12,,,,,,,,,,,,,,,,,,,,,,,,,,,,,,,,,,,,,,,,,,,,,,,,,,,,,,,,,,,,,,,,,,,,,,,,,,,,,,Support
Zenyatta,Bronze,4.65,1.7,42.94,12.57,5.48,64,4676,6351,7.53,,,,,,,1369.21,,,,26,,,,,,,,,,,,,,,,,,,,,,,,,,,,,24,4.98,1260.39,,,,,,,,,,,,,,,,,,,,,,,,,,,,,,,,,,,,,,,,,,,,,,,,,,,,,,,,,,,,,,,,,,,,,,,,,,,,,,Support
Zenyatta,Silver,5.5,1.69,47.13,13.71,5.92,64,4919,6496,7.19,,,,,,,1453.13,,,,26,,,,,,,,,,,,,,,,,,,,,,,,,,,,,23,5.34,1319.03,,,,,,,,,,,,,,,,,,,,,,,,,,,,,,,,,,,,,,,,,,,,,,,,,,,,,,,,,,,,,,,,,,,,,,,,,,,,,,Support
Zenyatta,Gold,4.66,1.54,45.9,12.84,5.68,66,4859,6422,7.57,,,,,,,1445.89,,,,27,,,,,,,,,,,,,,,,,,,,,,,,,,,,,23,5.10,1290.71,,,,,,,,,,,,,,,,,,,,,,,,,,,,,,,,,,,,,,,,,,,,,,,,,,,,,,,,,,,,,,,,,,,,,,,,,,,,,,Support
Zenyatta,Platinum,5.1,1.97,49.54,14.3,5.98,64,5112,6409,7.34,,,,,,,1503.23,,,,27,,,,,,,,,,,,,,,,,,,,,,,,,,,,,24,6.13,1295.34,,,,,,,,,,,,,,,,,,,,,,,,,,,,,,,,,,,,,,,,,,,,,,,,,,,,,,,,,,,,,,,,,,,,,,,,,,,,,,Support
Zenyatta,Diamond,5.46,3.48,50.45,14.84,6.16,65,5230,6239,7.01,,,,,,,1568.70,,,,27,,,,,,,,,,,,,,,,,,,,,,,,,,,,,24,6.59,1259.65,,,,,,,,,,,,,,,,,,,,,,,,,,,,,,,,,,,,,,,,,,,,,,,,,,,,,,,,,,,,,,,,,,,,,,,,,,,,,,Support
Zenyatta,Master,5.2,2.11,47.43,13.56,5.68,62,5034,6302,7.46,,,,,,,1486.64,,,,27,,,,,,,,,,,,,,,,,,,,,,,,,,,,,24,6.07,1268.00,,,,,,,,,,,,,,,,,,,,,,,,,,,,,,,,,,,,,,,,,,,,,,,,,,,,,,,,,,,,,,,,,,,,,,,,,,,,,,Support
Zenyatta,Grandmaster,5.12,3.23,49.35,13.24,5.35,64,4911,6306,7.34,,,,,,,1454.36,,,,27,,,,,,,,,,,,,,,,,,,,,,,,,,,,,23,5.79,1262.90,,,,,,,,,,,,,,,,,,,,,,,,,,,,,,,,,,,,,,,,,,,,,,,,,,,,,,,,,,,,,,,,,,,,,,,,,,,,,,Support
Lucio,All,3.85,2.72,50.46,12.74,5.85,102,3729,7590,7.4,,,,,,,,,,,26,9,,,,,,,,,,,,,,,,,,,,,,,,,,,,,,,28.81,9.76,,,,,,,,,,,,,,,,,,,,,,,,,,,,,,,,,,,,,,,,,,,,,,,,,,,,,,,,,,,,,,,,,,,,,,,,,,,,Support
Lucio,Bronze,3.9,3.21,47.1,12.1,5.68,105,3421,7879,7.3,,,,,,,,,,,24,8,,,,,,,,,,,,,,,,,,,,,,,,,,,,,,,27.02,10.09,,,,,,,,,,,,,,,,,,,,,,,,,,,,,,,,,,,,,,,,,,,,,,,,,,,,,,,,,,,,,,,,,,,,,,,,,,,,Support
Lucio,Silver,3.9,3.0,49.57,12.03,5.74,106,3440,8149,7.53,,,,,,,,,,,24,8,,,,,,,,,,,,,,,,,,,,,,,,,,,,,,,27.60,9.91,,,,,,,,,,,,,,,,,,,,,,,,,,,,,,,,,,,,,,,,,,,,,,,,,,,,,,,,,,,,,,,,,,,,,,,,,,,,Support
Lucio,Gold,3.9,3.16,49.44,12.53,5.91,103,3551,7923,7.32,,,,,,,,,,,25,8,,,,,,,,,,,,,,,,,,,,,,,,,,,,,,,27.25,9.90,,,,,,,,,,,,,,,,,,,,,,,,,,,,,,,,,,,,,,,,,,,,,,,,,,,,,,,,,,,,,,,,,,,,,,,,,,,,Support
Lucio,Platinum,3.93,2.91,49.26,12.59,5.87,105,3676,7836,7.33,,,,,,,,,,,26,9,,,,,,,,,,,,,,,,,,,,,,,,,,,,,,,28.49,10.10,,,,,,,,,,,,,,,,,,,,,,,,,,,,,,,,,,,,,,,,,,,,,,,,,,,,,,,,,,,,,,,,,,,,,,,,,,,,Support
Lucio,Diamond,4.18,3.28,49.47,13.04,5.89,99,3739,7346,7.28,,,,,,,,,,,26,9,,,,,,,,,,,,,,,,,,,,,,,,,,,,,,,30.01,9.66,,,,,,,,,,,,,,,,,,,,,,,,,,,,,,,,,,,,,,,,,,,,,,,,,,,,,,,,,,,,,,,,,,,,,,,,,,,,Support
Lucio,Master,4.06,4.48,52.31,12.96,5.7,98,3733,7444,7.28,,,,,,,,,,,25,9,,,,,,,,,,,,,,,,,,,,,,,,,,,,,,,29.88,10.24,,,,,,,,,,,,,,,,,,,,,,,,,,,,,,,,,,,,,,,,,,,,,,,,,,,,,,,,,,,,,,,,,,,,,,,,,,,,Support
Lucio,Grandmaster,4.08,5.82,49.86,12.68,5.71,98,3569,7490,7.23,,,,,,,,,,,25,9,,,,,,,,,,,,,,,,,,,,,,,,,,,,,,,28.62,10.14,,,,,,,,,,,,,,,,,,,,,,,,,,,,,,,,,,,,,,,,,,,,,,,,,,,,,,,,,,,,,,,,,,,,,,,,,,,,Support
D.Va,All,6.54,1.49,48.56,21.42,6.48,130,8691,,5.58,,,,,,,,,,,27,,,,,,,,,,,,,,,,,78,,,,,,,,,,,,,,,,,9.03,2.41,2.43,,,,,,,,,,,,,,,,,,,,,,,,,,,,,,,,,,,,,,,,,,,,,,,,,,,,,,,,,,,,,,,,,,,,,,,,,Tank
D.Va,Bronze,6.14,2.51,46.65,19.19,5.98,141,8330,,5.52,,,,,,,,,,,25,,,,,,,,,,,,,,,,,81,,,,,,,,,,,,,,,,,8.07,2.43,2.47,,,,,,,,,,,,,,,,,,,,,,,,,,,,,,,,,,,,,,,,,,,,,,,,,,,,,,,,,,,,,,,,,,,,,,,,,Tank
D.Va,Silver,6.02,2.13,44.93,19.91,6.2,137,8486,,5.77,,,,,,,,,,,26,,,,,,,,,,,,,,,,,79,,,,,,,,,,,,,,,,,8.21,2.48,2.55,,,,,,,,,,,,,,,,,,,,,,,,,,,,,,,,,,,,,,,,,,,,,,,,,,,,,,,,,,,,,,,,,,,,,,,,,Tank
D.Va,Gold,6.34,1.94,45.65,19.69,6.04,138,8347,,5.66,,,,,,,,,,,25,,,,,,,,,,,,,,,,,80,,,,,,,,,,,,,,,,,8.09,2.38,2.41,,,,,,,,,,,,,,,,,,,,,,,,,,,,,,,,,,,,,,,,,,,,,,,,,,,,,,,,,,,,,,,,,,,,,,,,,Tank
D.Va,Platinum,6.52,2.0,50.17,20.94,6.4,135,8795,,5.49,,,,,,,,,,,26,,,,,,,,,,,,,,,,,81,,,,,,,,,,,,,,,,,8.98,2.50,2.53,,,,,,,,,,,,,,,,,,,,,,,,,,,,,,,,,,,,,,,,,,,,,,,,,,,,,,,,,,,,,,,,,,,,,,,,,Tank
D.Va,Diamond,6.95,2.41,49.91,21.21,6.18,130,8795,,5.36,,,,,,,,,,,27,,,,,,,,,,,,,,,,,76,,,,,,,,,,,,,,,,,8.83,2.37,2.39,,,,,,,,,,,,,,,,,,,,,,,,,,,,,,,,,,,,,,,,,,,,,,,,,,,,,,,,,,,,,,,,,,,,,,,,,Tank
D.Va,Master,7.24,2.98,49.97,20.93,6.2,138,8916,,5.33,,,,,,,,,,,27,,,,,,,,,,,,,,,,,82,,,,,,,,,,,,,,,,,8.97,2.43,2.47,,,,,,,,,,,,,,,,,,,,,,,,,,,,,,,,,,,,,,,,,,,,,,,,,,,,,,,,,,,,,,,,,,,,,,,,,Tank
D.Va,Grandmaster,6.31,3.14,47.0,19.13,5.6,139,8442,,5.4,,,,,,,,,,,26,,,,,,,,,,,,,,,,,80,,,,,,,,,,,,,,,,,8.19,2.23,2.28,,,,,,,,,,,,,,,,,,,,,,,,,,,,,,,,,,,,,,,,,,,,,,,,,,,,,,,,,,,,,,,,,,,,,,,,,Tank
Junkrat,All,2.51,2.8,50.15,17.24,6.36,49,8695,,8.58,,,,,,,,,10.94,3.02,25,,,,,,,,,,,,,,,,,,,,,,,,,,,,,,,,,,,,,18,6.40,5.11,,,,,,,,,,,,,,,,,,,,,,,,,,,,,,,,,,,,,,,,,,,,,,,,,,,,,,,,,,,,,,,,,,,,,,Damage
Junkrat,Bronze,2.25,2.52,43.05,16.2,6.68,60,8066,,9.35,,,,,,,,,10.14,3.04,25,,,,,,,,,,,,,,,,,,,,,,,,,,,,,,,,,,,,,18,5.76,5.16,,,,,,,,,,,,,,,,,,,,,,,,,,,,,,,,,,,,,,,,,,,,,,,,,,,,,,,,,,,,,,,,,,,,,,Damage
Junkrat,Silver,2.35,2.19,46.47,16.72,6.6,56,8352,,8.96,,,,,,,,,10.60,2.97,25,,,,,,,,,,,,,,,,,,,,,,,,,,,,,,,,,,,,,18,5.73,5.30,,,,,,,,,,,,,,,,,,,,,,,,,,,,,,,,,,,,,,,,,,,,,,,,,,,,,,,,,,,,,,,,,,,,,,Damage
Junkrat,Gold,2.42,2.61,48.09,17.12,6.61,54,8652,,8.83,,,,,,,,,10.85,3.02,26,,,,,,,,,,,,,,,,,,,,,,,,,,,,,,,,,,,,,19,6.03,5.42,,,,,,,,,,,,,,,,,,,,,,,,,,,,,,,,,,,,,,,,,,,,,,,,,,,,,,,,,,,,,,,,,,,,,,Damage
Junkrat,Platinum,2.5,2.71,48.25,17.48,6.72,51,8648,,8.62,,,,,,,,,10.96,3.13,25,,,,,,,,,,,,,,,,,,,,,,,,,,,,,,,,,,,,,18,6.44,5.21,,,,,,,,,,,,,,,,,,,,,,,,,,,,,,,,,,,,,,,,,,,,,,,,,,,,,,,,,,,,,,,,,,,,,,Damage
Junkrat,Diamond,2.66,3.02,50.56,17.72,6.19,47,8713,,8.64,,,,,,,,,11.62,3.16,25,,,,,,,,,,,,,,,,,,,,,,,,,,,,,,,,,,,,,18,6.85,5.03,,,,,,,,,,,,,,,,,,,,,,,,,,,,,,,,,,,,,,,,,,,,,,,,,,,,,,,,,,,,,,,,,,,,,,Damage
Junkrat,Master,2.46,3.2,51.04,16.99,5.98,51,8437,,9.17,,,,,,,,,10.86,3.05,25,,,,,,,,,,,,,,,,,,,,,,,,,,,,,,,,,,,,,18,6.72,4.90,,,,,,,,,,,,,,,,,,,,,,,,,,,,,,,,,,,,,,,,,,,,,,,,,,,,,,,,,,,,,,,,,,,,,,Damage
Junkrat,Grandmaster,2.34,4.35,55.53,16.95,5.97,49,8227,,8.87,,,,,,,,,11.05,3.12,25,,,,,,,,,,,,,,,,,,,,,,,,,,,,,,,,,,,,,18,6.60,4.67,,,,,,,,,,,,,,,,,,,,,,,,,,,,,,,,,,,,,,,,,,,,,,,,,,,,,,,,,,,,,,,,,,,,,,Damage
Ashe,All,2.57,2.87,47.2,17.23,6.3,47,8883,,7.89,41,,,,,,,,9.11,1.95,,,,,,,,,,,,,,,,,,,,,,,,,,,,,,,,,,,,,,,,,2.13,5.20,3.02,,,,,,,,,,,,,,,,,,,,,,,,,,,,,,,,,,,,,,,,,,,,,,,,,,,,,,,,,,,,,,,,,,,Damage
Ashe,Bronze,2.53,1.55,42.83,15.73,5.98,46,8239,,7.81,40,,,,,,,,8.07,1.74,,,,,,,,,,,,,,,,,,,,,,,,,,,,,,,,,,,,,,,,,2.50,4.36,3.17,,,,,,,,,,,,,,,,,,,,,,,,,,,,,,,,,,,,,,,,,,,,,,,,,,,,,,,,,,,,,,,,,,,Damage
Ashe,Silver,2.54,1.6,43.78,15.81,6.23,48,8276,,7.77,40,,,,,,,,7.90,1.60,,,,,,,,,,,,,,,,,,,,,,,,,,,,,,,,,,,,,,,,,2.32,4.73,3.09,,,,,,,,,,,,,,,,,,,,,,,,,,,,,,,,,,,,,,,,,,,,,,,,,,,,,,,,,,,,,,,,,,,Damage
Ashe,Gold,2.45,2.01,41.42,16.47,6.47,50,8442,,7.81,41,,,,,,,,8.52,1.94,,,,,,,,,,,,,,,,,,,,,,,,,,,,,,,,,,,,,,,,,2.33,4.94,3.11,,,,,,,,,,,,,,,,,,,,,,,,,,,,,,,,,,,,,,,,,,,,,,,,,,,,,,,,,,,,,,,,,,,Damage
Ashe,Platinum,2.49,2.88,47.21,16.93,6.2,44,8805,,7.84,42,,,,,,,,9.03,2.00,,,,,,,,,,,,,,,,,,,,,,,,,,,,,,,,,,,,,,,,,2.26,5.19,2.98,,,,,,,,,,,,,,,,,,,,,,,,,,,,,,,,,,,,,,,,,,,,,,,,,,,,,,,,,,,,,,,,,,,Damage
Ashe,Diamond,2.67,4.12,48.45,17.22,6.23,44,9009,,7.85,41,,,,,,,,9.20,1.92,,,,,,,,,,,,,,,,,,,,,,,,,,,,,,,,,,,,,,,,,2.23,5.15,3.22,,,,,,,,,,,,,,,,,,,,,,,,,,,,,,,,,,,,,,,,,,,,,,,,,,,,,,,,,,,,,,,,,,,Damage
Ashe,Master,2.72,3.65,50.93,17.6,6.08,42,9358,,7.99,43,,,,,,,,9.63,2.02,,,,,,,,,,,,,,,,,,,,,,,,,,,,,,,,,,,,,,,,,2.20,5.32,3.12,,,,,,,,,,,,,,,,,,,,,,,,,,,,,,,,,,,,,,,,,,,,,,,,,,,,,,,,,,,,,,,,,,,Damage
Ashe,Grandmaster,2.65,2.67,48.51,17.49,6.26,44,9245,,8.02,42,,,,,,,,9.47,1.78,,,,,,,,,,,,,,,,,,,,,,,,,,,,,,,,,,,,,,,,,2.50,5.38,3.15,,,,,,,,,,,,,,,,,,,,,,,,,,,,,,,,,,,,,,,,,,,,,,,,,,,,,,,,,,,,,,,,,,,Damage
Tracer,All,2.45,1.93,49.23,18.39,6.47,59,7069,,8.4,,,,,,,,,8.84,2.34,34,9,,,,,,,,,,,,,,,,,,,,,,,,,,,,,,,,,,,,,,,,,,905.16,4.86,1.71,2.11,,,,,,,,,,,,,,,,,,,,,,,,,,,,,,,,,,,,,,,,,,,,,,,,,,,,,,,,,,,,,,,Damage
Tracer,Bronze,2.43,0.57,35.43,15.2,5.67,55,6752,,8.92,,,,,,,,,7.37,2.26,32,9,,,,,,,,,,,,,,,,,,,,,,,,,,,,,,,,,,,,,,,,,,901.47,5.10,1.87,2.15,,,,,,,,,,,,,,,,,,,,,,,,,,,,,,,,,,,,,,,,,,,,,,,,,,,,,,,,,,,,,,,Damage
Tracer,Silver,2.97,0.91,39.3,17.04,6.48,61,6824,,8.34,,,,,,,,,7.96,2.47,32,9,,,,,,,,,,,,,,,,,,,,,,,,,,,,,,,,,,,,,,,,,,872.70,4.73,1.80,2.17,,,,,,,,,,,,,,,,,,,,,,,,,,,,,,,,,,,,,,,,,,,,,,,,,,,,,,,,,,,,,,,Damage
Tracer,Gold,2.44,0.97,45.18,17.68,6.67,61,7110,,8.56,,,,,,,,,8.33,2.49,33,9,,,,,,,,,,,,,,,,,,,,,,,,,,,,,,,,,,,,,,,,,,890.89,4.98,1.80,2.37,,,,,,,,,,,,,,,,,,,,,,,,,,,,,,,,,,,,,,,,,,,,,,,,,,,,,,,,,,,,,,,Damage
Tracer,Platinum,2.24,1.51,47.27,17.3,6.13,60,6835,,8.75,,,,,,,,,8.32,2.26,33,9,,,,,,,,,,,,,,,,,,,,,,,,,,,,,,,,,,,,,,,,,,909.30,4.94,1.64,2.11,,,,,,,,,,,,,,,,,,,,,,,,,,,,,,,,,,,,,,,,,,,,,,,,,,,,,,,,,,,,,,,Damage
Tracer,Diamond,2.36,1.76,44.56,17.85,6.51,56,7084,,8.51,,,,,,,,,8.80,2.33,34,9,,,,,,,,,,,,,,,,,,,,,,,,,,,,,,,,,,,,,,,,,,938.51,4.99,1.70,2.03,,,,,,,,,,,,,,,,,,,,,,,,,,,,,,,,,,,,,,,,,,,,,,,,,,,,,,,,,,,,,,,Damage
Tracer,Master,2.65,2.93,51.11,18.62,6.17,55,7406,,8.37,,,,,,,,,9.06,2.27,34,9,,,,,,,,,,,,,,,,,,,,,,,,,,,,,,,,,,,,,,,,,,926.04,5.14,1.80,2.07,,,,,,,,,,,,,,,,,,,,,,,,,,,,,,,,,,,,,,,,,,,,,,,,,,,,,,,,,,,,,,,Damage
Tracer,Grandmaster,2.37,4.14,52.16,17.26,5.69,54,7106,,8.43,,,,,,,,,8.36,2.28,34,9,,,,,,,,,,,,,,,,,,,,,,,,,,,,,,,,,,,,,,,,,,904.85,4.92,1.84,1.93,,,,,,,,,,,,,,,,,,,,,,,,,,,,,,,,,,,,,,,,,,,,,,,,,,,,,,,,,,,,,,,Damage
Roadhog,All,4.11,3.57,46.97,19.1,8.28,120,8791,,6.46,,,,,,,,,,,29,,,,,,,,,,,,,,,,,74,,,,,,,,,,,,,,,,,,,,,,,,,,5046.40,,,,10.12,53.74,3.21,,,,,,,,,,,,,,,,,,,,,,,,,,,,,,,,,,,,,,,,,,,,,,,,,,,,,,,,,,,,Tank
Roadhog,Bronze,4.05,2.69,42.81,17.25,7.75,119,8124,,6.43,,,,,,,,,,,28,,,,,,,,,,,,,,,,,76,,,,,,,,,,,,,,,,,,,,,,,,,,5009.46,,,,8.64,52.31,3.05,,,,,,,,,,,,,,,,,,,,,,,,,,,,,,,,,,,,,,,,,,,,,,,,,,,,,,,,,,,,Tank
Roadhog,Silver,3.98,2.45,44.39,17.63,7.97,124,8264,,6.38,,,,,,,,,,,27,,,,,,,,,,,,,,,,,78,,,,,,,,,,,,,,,,,,,,,,,,,,4983.30,,,,8.89,52.71,3.18,,,,,,,,,,,,,,,,,,,,,,,,,,,,,,,,,,,,,,,,,,,,,,,,,,,,,,,,,,,,Tank
Roadhog,Gold,3.87,3.12,43.57,17.8,8.16,122,8291,,6.59,,,,,,,,,,,28,,,,,,,,,,,,,,,,,78,,,,,,,,,,,,,,,,,,,,,,,,,,5026.83,,,,9.26,53.75,3.09,,,,,,,,,,,,,,,,,,,,,,,,,,,,,,,,,,,,,,,,,,,,,,,,,,,,,,,,,,,,Tank
Roadhog,Platinum,4.34,3.11,45.25,19.32,8.27,121,8687,,6.38,,,,,,,,,,,29,,,,,,,,,,,,,,,,,75,,,,,,,,,,,,,,,,,,,,,,,,,,5024.14,,,,10.21,53.88,3.17,,,,,,,,,,,,,,,,,,,,,,,,,,,,,,,,,,,,,,,,,,,,,,,,,,,,,,,,,,,,Tank
Roadhog,Diamond,4.05,5.57,48.89,19.11,8.17,115,8903,,6.41,,,,,,,,,,,29,,,,,,,,,,,,,,,,,71,,,,,,,,,,,,,,,,,,,,,,,,,,5005.31,,,,10.05,53.21,3.35,,,,,,,,,,,,,,,,,,,,,,,,,,,,,,,,,,,,,,,,,,,,,,,,,,,,,,,,,,,,Tank
Roadhog,Master,4.34,4.05,45.98,19.01,7.95,113,8982,,6.26,,,,,,,,,,,29,,,,,,,,,,,,,,,,,71,,,,,,,,,,,,,,,,,,,,,,,,,,5069.46,,,,9.89,53.26,3.28,,,,,,,,,,,,,,,,,,,,,,,,,,,,,,,,,,,,,,,,,,,,,,,,,,,,,,,,,,,,Tank
Roadhog,Grandmaster,4.4,7.4,51.08,18.56,7.83,114,8733,,6.3,,,,,,,,,,,29,,,,,,,,,,,,,,,,,71,,,,,,,,,,,,,,,,,,,,,,,,,,5130.50,,,,9.65,53.01,3.26,,,,,,,,,,,,,,,,,,,,,,,,,,,,,,,,,,,,,,,,,,,,,,,,,,,,,,,,,,,,Tank
Zarya,All,4.28,1.09,40.89,18.96,8.95,131,9638,,6.64,,,,,,,,,,,,,,,,,,,,,,,41,,,,,78,,,,,,,,,,,,,,,,,,,,,,,,,,,,,,,,,46,10.71,32.85,3.50,,,,,,,,,,,,,,,,,,,,,,,,,,,,,,,,,,,,,,,,,,,,,,,,,,,,,,,,Tank
Zarya,Bronze,3.88,1.09,41.71,17.83,8.4,140,8793,,6.38,,,,,,,,,,,,,,,,,,,,,,,39,,,,,80,,,,,,,,,,,,,,,,,,,,,,,,,,,,,,,,,43,9.62,29.77,2.88,,,,,,,,,,,,,,,,,,,,,,,,,,,,,,,,,,,,,,,,,,,,,,,,,,,,,,,,Tank
Zarya,Silver,3.77,1.05,39.87,17.58,8.64,138,8981,,6.77,,,,,,,,,,,,,,,,,,,,,,,40,,,,,78,,,,,,,,,,,,,,,,,,,,,,,,,,,,,,,,,43,9.62,31.12,3.09,,,,,,,,,,,,,,,,,,,,,,,,,,,,,,,,,,,,,,,,,,,,,,,,,,,,,,,,Tank
Zarya,Gold,3.94,1.09,43.55,17.62,8.53,135,9098,,6.64,,,,,,,,,,,,,,,,,,,,,,,41,,,,,79,,,,,,,,,,,,,,,,,,,,,,,,,,,,,,,,,46,9.33,30.90,3.12,,,,,,,,,,,,,,,,,,,,,,,,,,,,,,,,,,,,,,,,,,,,,,,,,,,,,,,,Tank
Zarya,Platinum,4.04,1.3,42.39,18.81,8.76,130,9373,,6.63,,,,,,,,,,,,,,,,,,,,,,,40,,,,,78,,,,,,,,,,,,,,,,,,,,,,,,,,,,,,,,,45,10.28,31.93,3.36,,,,,,,,,,,,,,,,,,,,,,,,,,,,,,,,,,,,,,,,,,,,,,,,,,,,,,,,Tank
Zarya,Diamond,4.69,1.63,43.67,19.84,8.98,133,10033,,6.5,,,,,,,,,,,,,,,,,,,,,,,41,,,,,79,,,,,,,,,,,,,,,,,,,,,,,,,,,,,,,,,47,11.44,33.76,3.71,,,,,,,,,,,,,,,,,,,,,,,,,,,,,,,,,,,,,,,,,,,,,,,,,,,,,,,,Tank
Zarya,Master,4.45,1.48,42.9,18.87,8.87,129,9919,,6.17,,,,,,,,,,,,,,,,,,,,,,,41,,,,,74,,,,,,,,,,,,,,,,,,,,,,,,,,,,,,,,,46,11.08,33.78,3.62,,,,,,,,,,,,,,,,,,,,,,,,,,,,,,,,,,,,,,,,,,,,,,,,,,,,,,,,Tank
Zarya,Grandmaster,3.96,1.27,44.65,18.67,8.41,131,9617,,6.36,,,,,,,,,,,,,,,,,,,,,,,40,,,,,75,,,,,,,,,,,,,,,,,,,,,,,,,,,,,,,,,46,10.56,32.01,3.33,,,,,,,,,,,,,,,,,,,,,,,,,,,,,,,,,,,,,,,,,,,,,,,,,,,,,,,,Tank
Reaper,All,2.52,2.36,46.74,19.46,7.66,73,8367,,8.5,,,,,,,,,10.64,2.09,30,10,,,,,,,,,,,,,,,,,,,,,,,,,,,,,,,,,,,,,,,,,,1553.45,,,,,,,,,,,3.99,,,,,,,,,,,,,,,,,,,,,,,,,,,,,,,,,,,,,,,,,,,,,,,,,,,,,,,Damage
Reaper,Bronze,2.52,2.27,43.4,18.36,8.02,81,7901,,8.38,,,,,,,,,9.93,2.38,30,10,,,,,,,,,,,,,,,,,,,,,,,,,,,,,,,,,,,,,,,,,,1502.24,,,,,,,,,,,3.83,,,,,,,,,,,,,,,,,,,,,,,,,,,,,,,,,,,,,,,,,,,,,,,,,,,,,,,Damage
Reaper,Silver,2.5,1.86,44.97,18.66,7.82,79,7968,,8.44,,,,,,,,,9.79,2.27,29,10,,,,,,,,,,,,,,,,,,,,,,,,,,,,,,,,,,,,,,,,,,1490.43,,,,,,,,,,,4.01,,,,,,,,,,,,,,,,,,,,,,,,,,,,,,,,,,,,,,,,,,,,,,,,,,,,,,,Damage
Reaper,Gold,2.46,2.75,46.43,18.73,7.66,75,8187,,8.71,,,,,,,,,10.07,2.17,30,10,,,,,,,,,,,,,,,,,,,,,,,,,,,,,,,,,,,,,,,,,,1531.72,,,,,,,,,,,3.86,,,,,,,,,,,,,,,,,,,,,,,,,,,,,,,,,,,,,,,,,,,,,,,,,,,,,,,Damage
Reaper,Platinum,2.49,2.34,47.72,19.26,7.65,74,8367,,8.66,,,,,,,,,10.60,2.12,30,10,,,,,,,,,,,,,,,,,,,,,,,,,,,,,,,,,,,,,,,,,,1557.30,,,,,,,,,,,3.96,,,,,,,,,,,,,,,,,,,,,,,,,,,,,,,,,,,,,,,,,,,,,,,,,,,,,,,Damage
Reaper,Diamond,2.67,2.66,46.71,20.05,7.93,75,8683,,8.29,,,,,,,,,11.09,2.08,31,10,,,,,,,,,,,,,,,,,,,,,,,,,,,,,,,,,,,,,,,,,,1598.23,,,,,,,,,,,4.08,,,,,,,,,,,,,,,,,,,,,,,,,,,,,,,,,,,,,,,,,,,,,,,,,,,,,,,Damage
Reaper,Master,2.69,2.64,50.9,19.95,8.05,74,8706,,8.33,,,,,,,,,10.83,2.26,31,10,,,,,,,,,,,,,,,,,,,,,,,,,,,,,,,,,,,,,,,,,,1643.65,,,,,,,,,,,4.06,,,,,,,,,,,,,,,,,,,,,,,,,,,,,,,,,,,,,,,,,,,,,,,,,,,,,,,Damage
Reaper,Grandmaster,2.66,2.15,48.67,19.19,7.98,79,8643,,8.37,,,,,,,,,10.33,2.26,31,10,,,,,,,,,,,,,,,,,,,,,,,,,,,,,,,,,,,,,,,,,,1597.16,,,,,,,,,,,3.99,,,,,,,,,,,,,,,,,,,,,,,,,,,,,,,,,,,,,,,,,,,,,,,,,,,,,,,Damage
Baptiste,All,4.42,2.68,46.45,11.27,4.85,61,3822,8768,6.65,,,,,,,550.15,,,,31,9,,,,,,,,,,,,,,,,,,,,,,,,,,,,,,,,,,,,,,,,,,,,,,,,,,,,,,64.97,2.64,1.84,,,,,,,,,,,,,,,,,,,,,,,,,,,,,,,,,,,,,,,,,,,,,,,,,,,,Support
Baptiste,Bronze,4.96,2.94,43.86,10.91,5.04,67,3425,8342,6.7,,,,,,,476.42,,,,28,9,,,,,,,,,,,,,,,,,,,,,,,,,,,,,,,,,,,,,,,,,,,,,,,,,,,,,,62.78,2.38,1.78,,,,,,,,,,,,,,,,,,,,,,,,,,,,,,,,,,,,,,,,,,,,,,,,,,,,Support
Baptiste,Silver,4.61,3.33,42.96,11.05,5.04,65,3624,8382,6.76,,,,,,,488.38,,,,29,9,,,,,,,,,,,,,,,,,,,,,,,,,,,,,,,,,,,,,,,,,,,,,,,,,,,,,,62.82,2.38,1.76,,,,,,,,,,,,,,,,,,,,,,,,,,,,,,,,,,,,,,,,,,,,,,,,,,,,Support
Baptiste,Gold,4.4,1.8,44.51,10.54,4.75,62,3517,8508,6.81,,,,,,,501.81,,,,29,10,,,,,,,,,,,,,,,,,,,,,,,,,,,,,,,,,,,,,,,,,,,,,,,,,,,,,,63.28,2.66,1.84,,,,,,,,,,,,,,,,,,,,,,,,,,,,,,,,,,,,,,,,,,,,,,,,,,,,Support
Baptiste,Platinum,4.59,2.29,47.36,11.49,4.75,61,3802,8704,6.59,,,,,,,527.55,,,,31,10,,,,,,,,,,,,,,,,,,,,,,,,,,,,,,,,,,,,,,,,,,,,,,,,,,,,,,64.73,2.65,1.76,,,,,,,,,,,,,,,,,,,,,,,,,,,,,,,,,,,,,,,,,,,,,,,,,,,,Support
Baptiste,Diamond,4.77,1.94,46.22,11.52,4.81,61,3914,8887,6.57,,,,,,,559.13,,,,31,10,,,,,,,,,,,,,,,,,,,,,,,,,,,,,,,,,,,,,,,,,,,,,,,,,,,,,,65.60,2.67,1.97,,,,,,,,,,,,,,,,,,,,,,,,,,,,,,,,,,,,,,,,,,,,,,,,,,,,Support
Baptiste,Master,5.52,2.38,49.53,13.16,5.0,53,4221,8607,6.43,,,,,,,565.50,,,,32,10,,,,,,,,,,,,,,,,,,,,,,,,,,,,,,,,,,,,,,,,,,,,,,,,,,,,,,65.52,2.53,1.97,,,,,,,,,,,,,,,,,,,,,,,,,,,,,,,,,,,,,,,,,,,,,,,,,,,,Support
Baptiste,Grandmaster,5.83,2.48,47.0,11.86,4.81,58,3997,9015,6.42,,,,,,,528.46,,,,31,10,,,,,,,,,,,,,,,,,,,,,,,,,,,,,,,,,,,,,,,,,,,,,,,,,,,,,,65.46,2.53,1.88,,,,,,,,,,,,,,,,,,,,,,,,,,,,,,,,,,,,,,,,,,,,,,,,,,,,Support
Orisa,All,3.99,4.1,47.75,18.71,8.45,125,10239,,6.78,,,,,,,,,,,33,,,,,,,,,,,,,,,,,81,,,,,,,,,,,,,,,,,,,,,,,,,,,,,,,,,,,,,,,,,6.08,2.13,3.81,,,,,,,,,,,,,,,,,,,,,,,,,,,,,,,,,,,,,,,,,,,,,,,,,Tank
Orisa,Bronze,3.46,3.05,38.76,16.52,7.93,132,9221,,7.07,,,,,,,,,,,31,,,,,,,,,,,,,,,,,83,,,,,,,,,,,,,,,,,,,,,,,,,,,,,,,,,,,,,,,,,5.29,0.65,3.04,,,,,,,,,,,,,,,,,,,,,,,,,,,,,,,,,,,,,,,,,,,,,,,,,Tank
Orisa,Silver,3.75,3.14,42.86,17.36,8.31,130,9576,,6.91,,,,,,,,,,,31,,,,,,,,,,,,,,,,,81,,,,,,,,,,,,,,,,,,,,,,,,,,,,,,,,,,,,,,,,,5.38,1.15,3.27,,,,,,,,,,,,,,,,,,,,,,,,,,,,,,,,,,,,,,,,,,,,,,,,,Tank
Orisa,Gold,3.83,4.03,43.21,18.15,8.71,133,9840,,6.91,,,,,,,,,,,32,,,,,,,,,,,,,,,,,83,,,,,,,,,,,,,,,,,,,,,,,,,,,,,,,,,,,,,,,,,5.65,1.68,3.55,,,,,,,,,,,,,,,,,,,,,,,,,,,,,,,,,,,,,,,,,,,,,,,,,Tank
Orisa,Platinum,3.72,3.64,45.93,18.2,8.38,126,9971,,7.0,,,,,,,,,,,32,,,,,,,,,,,,,,,,,80,,,,,,,,,,,,,,,,,,,,,,,,,,,,,,,,,,,,,,,,,5.83,1.94,3.66,,,,,,,,,,,,,,,,,,,,,,,,,,,,,,,,,,,,,,,,,,,,,,,,,Tank
Orisa,Diamond,3.67,5.33,46.64,17.96,7.82,121,10188,,6.79,,,,,,,,,,,33,,,,,,,,,,,,,,,,,78,,,,,,,,,,,,,,,,,,,,,,,,,,,,,,,,,,,,,,,,,6.16,1.59,3.52,,,,,,,,,,,,,,,,,,,,,,,,,,,,,,,,,,,,,,,,,,,,,,,,,Tank
Orisa,Master,3.69,5.09,47.72,17.76,7.77,124,10070,,6.72,,,,,,,,,,,33,,,,,,,,,,,,,,,,,77,,,,,,,,,,,,,,,,,,,,,,,,,,,,,,,,,,,,,,,,,6.05,1.42,3.57,,,,,,,,,,,,,,,,,,,,,,,,,,,,,,,,,,,,,,,,,,,,,,,,,Tank
Orisa,Grandmaster,3.47,4.51,42.24,16.93,7.69,129,9650,,6.93,,,,,,,,,,,32,,,,,,,,,,,,,,,,,78,,,,,,,,,,,,,,,,,,,,,,,,,,,,,,,,,,,,,,,,,5.71,0.98,3.17,,,,,,,,,,,,,,,,,,,,,,,,,,,,,,,,,,,,,,,,,,,,,,,,,Tank
Pharah,All,2.95,1.66,47.02,21.17,6.76,39,9432,,8.78,,,,,,,,,12.74,2.54,48,,,,,,,,,,,,,,,,,,,,,1.50,,,,,,,,,,,,,,,,16,,,,,,,,,,,,,,,,,,,,,,,,66.89,3.66,,,,,,,,,,,,,,,,,,,,,,,,,,,,,,,,,,,,,,,,,,,,,,,Damage
Pharah,Bronze,2.58,1.43,37.53,19.25,6.69,39,8828,,9.22,,,,,,,,,11.03,2.48,47,,,,,,,,,,,,,,,,,,,,,1.76,,,,,,,,,,,,,,,,16,,,,,,,,,,,,,,,,,,,,,,,,64.55,3.27,,,,,,,,,,,,,,,,,,,,,,,,,,,,,,,,,,,,,,,,,,,,,,,Damage
Pharah,Silver,2.88,1.16,48.91,20.1,6.52,37,8892,,8.63,,,,,,,,,11.98,2.83,48,,,,,,,,,,,,,,,,,,,,,1.90,,,,,,,,,,,,,,,,16,,,,,,,,,,,,,,,,,,,,,,,,65.82,3.56,,,,,,,,,,,,,,,,,,,,,,,,,,,,,,,,,,,,,,,,,,,,,,,Damage
Pharah,Gold,3.01,1.32,45.15,20.73,6.96,39,9252,,8.77,,,,,,,,,12.23,2.86,48,,,,,,,,,,,,,,,,,,,,,1.59,,,,,,,,,,,,,,,,17,,,,,,,,,,,,,,,,,,,,,,,,66.08,3.59,,,,,,,,,,,,,,,,,,,,,,,,,,,,,,,,,,,,,,,,,,,,,,,Damage
Pharah,Platinum,2.84,1.71,43.97,21.16,6.58,39,9427,,8.97,,,,,,,,,12.67,2.59,48,,,,,,,,,,,,,,,,,,,,,1.65,,,,,,,,,,,,,,,,17,,,,,,,,,,,,,,,,,,,,,,,,66.36,3.65,,,,,,,,,,,,,,,,,,,,,,,,,,,,,,,,,,,,,,,,,,,,,,,Damage
Pharah,Diamond,3.13,2.01,48.34,21.72,6.84,37,9671,,8.76,,,,,,,,,13.38,2.72,48,,,,,,,,,,,,,,,,,,,,,1.54,,,,,,,,,,,,,,,,16,,,,,,,,,,,,,,,,,,,,,,,,68.66,4.03,,,,,,,,,,,,,,,,,,,,,,,,,,,,,,,,,,,,,,,,,,,,,,,Damage
Pharah,Master,2.86,2.16,49.74,21.89,6.81,38,9855,,8.96,,,,,,,,,13.42,2.40,48,,,,,,,,,,,,,,,,,,,,,1.85,,,,,,,,,,,,,,,,16,,,,,,,,,,,,,,,,,,,,,,,,70.13,3.68,,,,,,,,,,,,,,,,,,,,,,,,,,,,,,,,,,,,,,,,,,,,,,,Damage
Pharah,Grandmaster,3.26,2.31,47.49,22.24,7.05,37,9764,,8.96,,,,,,,,,13.55,2.39,48,,,,,,,,,,,,,,,,,,,,,1.82,,,,,,,,,,,,,,,,17,,,,,,,,,,,,,,,,,,,,,,,,69.69,3.80,,,,,,,,,,,,,,,,,,,,,,,,,,,,,,,,,,,,,,,,,,,,,,,Damage
Sigma,All,5.02,1.78,49.29,18.82,8.74,136,10352,,5.25,,,,,,,,,,,52,,,,,,,,,,,,,,,,,75,,,,,,,,,,,,,,,,,,,,,,,,,,,,,,,,,,,,,,,,,,,,,,5.62,1440.94,3.11,,,,,,,,,,,,,,,,,,,,,,,,,,,,,,,,,,,,,,,,,,,,Tank
Sigma,Bronze,4.71,1.6,46.42,17.07,8.72,149,9877,,5.2,,,,,,,,,,,50,,,,,,,,,,,,,,,,,80,,,,,,,,,,,,,,,,,,,,,,,,,,,,,,,,,,,,,,,,,,,,,,5.43,1393.85,2.87,,,,,,,,,,,,,,,,,,,,,,,,,,,,,,,,,,,,,,,,,,,,Tank
Sigma,Silver,4.91,1.79,51.35,18.2,9.09,149,9809,,5.13,,,,,,,,,,,49,,,,,,,,,,,,,,,,,77,,,,,,,,,,,,,,,,,,,,,,,,,,,,,,,,,,,,,,,,,,,,,,5.48,1487.56,2.87,,,,,,,,,,,,,,,,,,,,,,,,,,,,,,,,,,,,,,,,,,,,Tank
Sigma,Gold,4.55,1.6,45.32,17.86,8.85,140,10032,,5.49,,,,,,,,,,,51,,,,,,,,,,,,,,,,,80,,,,,,,,,,,,,,,,,,,,,,,,,,,,,,,,,,,,,,,,,,,,,,5.27,1453.73,2.97,,,,,,,,,,,,,,,,,,,,,,,,,,,,,,,,,,,,,,,,,,,,Tank
Sigma,Platinum,5.13,2.14,53.13,18.48,8.8,140,10256,,5.2,,,,,,,,,,,51,,,,,,,,,,,,,,,,,77,,,,,,,,,,,,,,,,,,,,,,,,,,,,,,,,,,,,,,,,,,,,,,5.80,1494.71,3.15,,,,,,,,,,,,,,,,,,,,,,,,,,,,,,,,,,,,,,,,,,,,Tank
Sigma,Diamond,5.51,2.39,47.8,19.15,8.94,142,10583,,5.09,,,,,,,,,,,53,,,,,,,,,,,,,,,,,76,,,,,,,,,,,,,,,,,,,,,,,,,,,,,,,,,,,,,,,,,,,,,,5.94,1456.12,3.27,,,,,,,,,,,,,,,,,,,,,,,,,,,,,,,,,,,,,,,,,,,,Tank
Sigma,Master,5.18,2.22,48.85,18.71,8.34,141,10633,,5.12,,,,,,,,,,,53,,,,,,,,,,,,,,,,,75,,,,,,,,,,,,,,,,,,,,,,,,,,,,,,,,,,,,,,,,,,,,,,5.93,1369.23,3.14,,,,,,,,,,,,,,,,,,,,,,,,,,,,,,,,,,,,,,,,,,,,Tank
Sigma,Grandmaster,4.73,2.47,50.36,18.04,8.71,148,10456,,5.2,,,,,,,,,,,52,,,,,,,,,,,,,,,,,76,,,,,,,,,,,,,,,,,,,,,,,,,,,,,,,,,,,,,,,,,,,,,,5.61,1386.46,3.09,,,,,,,,,,,,,,,,,,,,,,,,,,,,,,,,,,,,,,,,,,,,Tank
Doomfist,All,3.13,1.76,51.01,17.8,6.09,97,8309,,7.83,,,,,,,,,,,29,,,,,,,,,,,,,,,,,63,,,,,,,,,,,,,,,,,,,,,,,,,,,,,,,,,,,,,,,,,,,,,,,2995.12,,10.16,9.02,2.56,,,,,,,,,,,,,,,,,,,,,,,,,,,,,,,,,,,,,,,,,Tank
Doomfist,Bronze,3.1,1.01,50.93,16.08,5.54,90,7550,,8.06,,,,,,,,,,,28,,,,,,,,,,,,,,,,,56,,,,,,,,,,,,,,,,,,,,,,,,,,,,,,,,,,,,,,,,,,,,,,,2773.97,,9.56,8.73,2.87,,,,,,,,,,,,,,,,,,,,,,,,,,,,,,,,,,,,,,,,,Tank
Doomfist,Silver,2.96,0.9,51.73,16.58,5.74,92,7565,,8.12,,,,,,,,,,,28,,,,,,,,,,,,,,,,,60,,,,,,,,,,,,,,,,,,,,,,,,,,,,,,,,,,,,,,,,,,,,,,,2799.79,,9.61,8.86,2.77,,,,,,,,,,,,,,,,,,,,,,,,,,,,,,,,,,,,,,,,,Tank
Doomfist,Gold,3.12,1.17,49.4,16.64,5.84,99,7859,,7.97,,,,,,,,,,,28,,,,,,,,,,,,,,,,,63,,,,,,,,,,,,,,,,,,,,,,,,,,,,,,,,,,,,,,,,,,,,,,,2902.02,,9.67,8.43,2.78,,,,,,,,,,,,,,,,,,,,,,,,,,,,,,,,,,,,,,,,,Tank
Doomfist,Platinum,3.36,1.21,45.03,17.41,6.07,102,8124,,7.78,,,,,,,,,,,29,,,,,,,,,,,,,,,,,67,,,,,,,,,,,,,,,,,,,,,,,,,,,,,,,,,,,,,,,,,,,,,,,2975.42,,10.12,9.02,2.73,,,,,,,,,,,,,,,,,,,,,,,,,,,,,,,,,,,,,,,,,Tank
Doomfist,Diamond,3.04,2.96,51.39,17.37,6.08,92,8086,,7.92,,,,,,,,,,,28,,,,,,,,,,,,,,,,,58,,,,,,,,,,,,,,,,,,,,,,,,,,,,,,,,,,,,,,,,,,,,,,,2928.31,,10.16,8.83,2.58,,,,,,,,,,,,,,,,,,,,,,,,,,,,,,,,,,,,,,,,,Tank
Doomfist,Master,3.01,2.47,50.33,17.07,5.69,87,8141,,8.02,,,,,,,,,,,29,,,,,,,,,,,,,,,,,56,,,,,,,,,,,,,,,,,,,,,,,,,,,,,,,,,,,,,,,,,,,,,,,2881.08,,9.84,9.17,2.64,,,,,,,,,,,,,,,,,,,,,,,,,,,,,,,,,,,,,,,,,Tank
Doomfist,Grandmaster,3.07,4.42,54.22,17.11,5.58,85,8163,,8.14,,,,,,,,,,,28,,,,,,,,,,,,,,,,,54,,,,,,,,,,,,,,,,,,,,,,,,,,,,,,,,,,,,,,,,,,,,,,,2915.11,,9.93,9.19,2.70,,,,,,,,,,,,,,,,,,,,,,,,,,,,,,,,,,,,,,,,,Tank
Brigitte,All,4.63,0.52,46.13,12.78,5.41,91,3788,7705,8.13,,,,,,,,,,,,,,,,,,,,,,,,,,,,,,,,,,,,,,,,,,,,,,,,,,,,,,,,,,,,,,,,,,,,,,,,,,,1209.57,,,,,31,,,,,,,,,,,,,,,,,,,,,,,,,,,,,,,,,,,,,,,,Support
Brigitte,Bronze,3.4,0.53,38.93,10.24,4.28,78,3141,6970,9.02,,,,,,,,,,,,,,,,,,,,,,,,,,,,,,,,,,,,,,,,,,,,,,,,,,,,,,,,,,,,,,,,,,,,,,,,,,,1059.00,,,,,26,,,,,,,,,,,,,,,,,,,,,,,,,,,,,,,,,,,,,,,,Support
Brigitte,Silver,3.65,0.53,42.25,11.01,4.86,87,3337,7254,8.75,,,,,,,,,,,,,,,,,,,,,,,,,,,,,,,,,,,,,,,,,,,,,,,,,,,,,,,,,,,,,,,,,,,,,,,,,,,1139.23,,,,,28,,,,,,,,,,,,,,,,,,,,,,,,,,,,,,,,,,,,,,,,Support
Brigitte,Gold,4.68,0.75,52.11,12.97,5.67,93,3781,7665,8.31,,,,,,,,,,,,,,,,,,,,,,,,,,,,,,,,,,,,,,,,,,,,,,,,,,,,,,,,,,,,,,,,,,,,,,,,,,,1215.60,,,,,31,,,,,,,,,,,,,,,,,,,,,,,,,,,,,,,,,,,,,,,,Support
Brigitte,Platinum,4.61,0.41,36.39,12.2,5.08,89,3609,7437,8.34,,,,,,,,,,,,,,,,,,,,,,,,,,,,,,,,,,,,,,,,,,,,,,,,,,,,,,,,,,,,,,,,,,,,,,,,,,,1193.46,,,,,30,,,,,,,,,,,,,,,,,,,,,,,,,,,,,,,,,,,,,,,,Support
Brigitte,Diamond,4.03,0.51,46.43,11.57,4.56,92,3476,7371,8.55,,,,,,,,,,,,,,,,,,,,,,,,,,,,,,,,,,,,,,,,,,,,,,,,,,,,,,,,,,,,,,,,,,,,,,,,,,,1156.87,,,,,29,,,,,,,,,,,,,,,,,,,,,,,,,,,,,,,,,,,,,,,,Support
Brigitte,Master,4.21,0.68,45.04,11.35,4.46,82,3446,7352,8.36,,,,,,,,,,,,,,,,,,,,,,,,,,,,,,,,,,,,,,,,,,,,,,,,,,,,,,,,,,,,,,,,,,,,,,,,,,,1192.08,,,,,30,,,,,,,,,,,,,,,,,,,,,,,,,,,,,,,,,,,,,,,,Support
Brigitte,Grandmaster,3.63,0.99,36.25,10.0,4.15,85,3153,7015,8.49,,,,,,,,,,,,,,,,,,,,,,,,,,,,,,,,,,,,,,,,,,,,,,,,,,,,,,,,,,,,,,,,,,,,,,,,,,,1132.16,,,,,28,,,,,,,,,,,,,,,,,,,,,,,,,,,,,,,,,,,,,,,,Support
Mei,All,3.7,1.13,49.16,17.97,7.76,86,7079,,7.48,,,,,,,,,7.93,1.44,50,,,,,,,,,,,,,,,,,,,,,,,,,,,,,,,,,,,,,,,,,,,1094.87,,,,,,,,,,,,,,,,,,,,,,,,,,,27,17,3.78,3.74,,,,,,,,,,,,,,,,,,,,,,,,,,,,,,,,,,,,Damage
Mei,Bronze,4.06,2.41,49.87,17.3,8.19,97,6657,,7.4,,,,,,,,,7.14,1.70,47,,,,,,,,,,,,,,,,,,,,,,,,,,,,,,,,,,,,,,,,,,,1083.13,,,,,,,,,,,,,,,,,,,,,,,,,,,26,18,3.83,3.82,,,,,,,,,,,,,,,,,,,,,,,,,,,,,,,,,,,,Damage
Mei,Silver,3.46,0.62,38.67,17.57,8.13,94,6887,,7.79,,,,,,,,,7.76,1.64,49,,,,,,,,,,,,,,,,,,,,,,,,,,,,,,,,,,,,,,,,,,,1164.34,,,,,,,,,,,,,,,,,,,,,,,,,,,27,17,4.17,3.99,,,,,,,,,,,,,,,,,,,,,,,,,,,,,,,,,,,,Damage
Mei,Gold,3.33,0.74,43.08,17.6,8.05,87,6902,,7.72,,,,,,,,,8.12,1.53,50,,,,,,,,,,,,,,,,,,,,,,,,,,,,,,,,,,,,,,,,,,,1109.82,,,,,,,,,,,,,,,,,,,,,,,,,,,27,18,3.72,3.87,,,,,,,,,,,,,,,,,,,,,,,,,,,,,,,,,,,,Damage
Mei,Platinum,3.92,0.85,45.52,18.07,7.45,75,7202,,7.46,,,,,,,,,7.96,1.58,50,,,,,,,,,,,,,,,,,,,,,,,,,,,,,,,,,,,,,,,,,,,1079.96,,,,,,,,,,,,,,,,,,,,,,,,,,,28,17,4.09,4.04,,,,,,,,,,,,,,,,,,,,,,,,,,,,,,,,,,,,Damage
Mei,Diamond,3.81,0.72,43.53,18.05,7.88,84,7434,,7.33,,,,,,,,,8.43,1.66,51,,,,,,,,,,,,,,,,,,,,,,,,,,,,,,,,,,,,,,,,,,,1043.27,,,,,,,,,,,,,,,,,,,,,,,,,,,28,17,3.69,3.83,,,,,,,,,,,,,,,,,,,,,,,,,,,,,,,,,,,,Damage
Mei,Master,3.24,1.29,51.05,16.75,7.18,80,7233,,7.62,,,,,,,,,7.88,1.72,51,,,,,,,,,,,,,,,,,,,,,,,,,,,,,,,,,,,,,,,,,,,1039.28,,,,,,,,,,,,,,,,,,,,,,,,,,,27,17,3.46,3.90,,,,,,,,,,,,,,,,,,,,,,,,,,,,,,,,,,,,Damage
Mei,Grandmaster,3.25,0.87,41.74,16.68,7.03,82,7220,,7.63,,,,,,,,,8.15,1.77,51,,,,,,,,,,,,,,,,,,,,,,,,,,,,,,,,,,,,,,,,,,,1052.82,,,,,,,,,,,,,,,,,,,,,,,,,,,27,19,3.63,3.82,,,,,,,,,,,,,,,,,,,,,,,,,,,,,,,,,,,,Damage
Winston,All,4.18,1.52,45.33,20.72,7.17,111,8014,,6.97,,,,,,,,,,,,,,,,,,,,,,,46,,,,,66,,,,,,,,,,,,,,,,,,,,,,,,,,,,,,,,,63,,,,,,,,,,,,,,,,,,,,,,,,8.14,2.21,,,,,,,,,,,,,,,,,,,,,,,,,,,,,,,,,,Tank
Winston,Bronze,3.98,1.55,44.3,19.27,7.47,116,7390,,6.91,,,,,,,,,,,,,,,,,,,,,,,40,,,,,74,,,,,,,,,,,,,,,,,,,,,,,,,,,,,,,,,60,,,,,,,,,,,,,,,,,,,,,,,,7.01,1.99,,,,,,,,,,,,,,,,,,,,,,,,,,,,,,,,,,Tank
Winston,Silver,4.4,1.24,46.53,20.68,7.98,114,7462,,6.67,,,,,,,,,,,,,,,,,,,,,,,41,,,,,70,,,,,,,,,,,,,,,,,,,,,,,,,,,,,,,,,60,,,,,,,,,,,,,,,,,,,,,,,,7.55,2.19,,,,,,,,,,,,,,,,,,,,,,,,,,,,,,,,,,Tank
Winston,Gold,4.12,1.47,43.98,20.22,7.2,117,7771,,7.1,,,,,,,,,,,,,,,,,,,,,,,43,,,,,68,,,,,,,,,,,,,,,,,,,,,,,,,,,,,,,,,62,,,,,,,,,,,,,,,,,,,,,,,,7.35,2.13,,,,,,,,,,,,,,,,,,,,,,,,,,,,,,,,,,Tank
Winston,Platinum,4.28,2.01,47.39,20.8,7.03,106,8039,,6.93,,,,,,,,,,,,,,,,,,,,,,,44,,,,,64,,,,,,,,,,,,,,,,,,,,,,,,,,,,,,,,,63,,,,,,,,,,,,,,,,,,,,,,,,8.23,2.15,,,,,,,,,,,,,,,,,,,,,,,,,,,,,,,,,,Tank
Winston,Diamond,4.14,2.47,45.15,20.88,6.95,108,8249,,6.85,,,,,,,,,,,,,,,,,,,,,,,46,,,,,63,,,,,,,,,,,,,,,,,,,,,,,,,,,,,,,,,65,,,,,,,,,,,,,,,,,,,,,,,,8.59,2.20,,,,,,,,,,,,,,,,,,,,,,,,,,,,,,,,,,Tank
Winston,Master,4.12,1.99,47.62,20.54,6.99,110,8189,,6.85,,,,,,,,,,,,,,,,,,,,,,,47,,,,,64,,,,,,,,,,,,,,,,,,,,,,,,,,,,,,,,,65,,,,,,,,,,,,,,,,,,,,,,,,8.21,2.21,,,,,,,,,,,,,,,,,,,,,,,,,,,,,,,,,,Tank
Winston,Grandmaster,4.01,2.15,47.01,19.2,6.53,102,7854,,6.73,,,,,,,,,,,,,,,,,,,,,,,44,,,,,61,,,,,,,,,,,,,,,,,,,,,,,,,,,,,,,,,64,,,,,,,,,,,,,,,,,,,,,,,,7.39,2.14,,,,,,,,,,,,,,,,,,,,,,,,,,,,,,,,,,Tank
Bastion,All,2.89,2.06,49.4,20.12,8.22,60,10688,,8.34,,,,,,,,,10.55,1.42,28,,,,,,,,,,,,,,,,,,,,,,,,,,,,,,,,,,,,,,,,,,,,,,,,,,,,,,,,,,,,,,,,,,,,,,,,,,,,10.43,12.10,4.83,1.87,,,,,,,,,,,,,,,,,,,,,,,,,,,,,,Damage
Bastion,Bronze,2.34,3.34,52.9,17.85,7.52,58,9991,,8.91,,,,,,,,,9.00,1.50,27,,,,,,,,,,,,,,,,,,,,,,,,,,,,,,,,,,,,,,,,,,,,,,,,,,,,,,,,,,,,,,,,,,,,,,,,,,,,9.14,10.79,4.22,1.59,,,,,,,,,,,,,,,,,,,,,,,,,,,,,,Damage
Bastion,Silver,2.78,2.4,52.6,18.96,8.19,63,10109,,8.51,,,,,,,,,9.76,1.56,27,,,,,,,,,,,,,,,,,,,,,,,,,,,,,,,,,,,,,,,,,,,,,,,,,,,,,,,,,,,,,,,,,,,,,,,,,,,,9.76,11.44,4.43,1.71,,,,,,,,,,,,,,,,,,,,,,,,,,,,,,Damage
Bastion,Gold,2.85,2.65,51.15,19.88,8.23,61,10417,,8.32,,,,,,,,,10.38,1.48,28,,,,,,,,,,,,,,,,,,,,,,,,,,,,,,,,,,,,,,,,,,,,,,,,,,,,,,,,,,,,,,,,,,,,,,,,,,,,10.23,11.85,4.71,1.89,,,,,,,,,,,,,,,,,,,,,,,,,,,,,,Damage
Bastion,Platinum,2.71,2.56,51.0,19.71,8.24,61,10627,,8.41,,,,,,,,,10.08,1.44,28,,,,,,,,,,,,,,,,,,,,,,,,,,,,,,,,,,,,,,,,,,,,,,,,,,,,,,,,,,,,,,,,,,,,,,,,,,,,10.40,11.77,4.61,1.85,,,,,,,,,,,,,,,,,,,,,,,,,,,,,,Damage
Bastion,Diamond,2.98,3.26,51.21,19.89,8.28,61,10912,,8.32,,,,,,,,,10.49,1.33,29,,,,,,,,,,,,,,,,,,,,,,,,,,,,,,,,,,,,,,,,,,,,,,,,,,,,,,,,,,,,,,,,,,,,,,,,,,,,10.44,11.90,4.92,1.78,,,,,,,,,,,,,,,,,,,,,,,,,,,,,,Damage
Bastion,Master,2.64,2.99,51.58,18.93,7.88,56,10732,,8.57,,,,,,,,,9.67,1.41,29,,,,,,,,,,,,,,,,,,,,,,,,,,,,,,,,,,,,,,,,,,,,,,,,,,,,,,,,,,,,,,,,,,,,,,,,,,,,9.94,11.33,4.78,1.70,,,,,,,,,,,,,,,,,,,,,,,,,,,,,,Damage
Bastion,Grandmaster,2.46,3.99,52.85,18.66,7.71,60,10463,,8.62,,,,,,,,,9.69,1.43,28,,,,,,,,,,,,,,,,,,,,,,,,,,,,,,,,,,,,,,,,,,,,,,,,,,,,,,,,,,,,,,,,,,,,,,,,,,,,9.73,11.29,4.72,1.67,,,,,,,,,,,,,,,,,,,,,,,,,,,,,,Damage
Sombra,All,4.23,0.38,37.78,14.79,5.65,43,5224,,6.49,,,,,,,,,5.68,1.45,35,,,,,,,,,,,,,,,,,,,,,,,,,,,,,,,,,,,,,,,,,,,,,,,,,,,,,,,,,,,,,,,,,,,,,,,,,,,,,,,,28.86,2.40,3.64,,,,,,,,,,,,,,,,,,,,,,,,,,,Damage
Sombra,Bronze,4.89,0.32,42.49,14.54,6.03,42,4831,,7.44,,,,,,,,,5.71,1.83,34,,,,,,,,,,,,,,,,,,,,,,,,,,,,,,,,,,,,,,,,,,,,,,,,,,,,,,,,,,,,,,,,,,,,,,,,,,,,,,,,25.47,2.41,2.94,,,,,,,,,,,,,,,,,,,,,,,,,,,Damage
Sombra,Silver,3.7,0.19,26.25,13.48,5.5,52,4987,,6.26,,,,,,,,,6.02,1.52,34,,,,,,,,,,,,,,,,,,,,,,,,,,,,,,,,,,,,,,,,,,,,,,,,,,,,,,,,,,,,,,,,,,,,,,,,,,,,,,,,27.88,2.50,2.91,,,,,,,,,,,,,,,,,,,,,,,,,,,Damage
Sombra,Gold,4.17,0.26,38.3,15.21,6.3,47,5304,,6.28,,,,,,,,,5.80,1.62,35,,,,,,,,,,,,,,,,,,,,,,,,,,,,,,,,,,,,,,,,,,,,,,,,,,,,,,,,,,,,,,,,,,,,,,,,,,,,,,,,29.35,2.16,3.79,,,,,,,,,,,,,,,,,,,,,,,,,,,Damage
Sombra,Platinum,4.28,0.32,39.88,15.07,5.52,42,5027,,6.51,,,,,,,,,5.94,1.72,35,,,,,,,,,,,,,,,,,,,,,,,,,,,,,,,,,,,,,,,,,,,,,,,,,,,,,,,,,,,,,,,,,,,,,,,,,,,,,,,,28.62,2.56,3.51,,,,,,,,,,,,,,,,,,,,,,,,,,,Damage
Sombra,Diamond,3.92,0.41,44.31,14.94,6.0,41,5684,,6.77,,,,,,,,,5.88,1.48,36,,,,,,,,,,,,,,,,,,,,,,,,,,,,,,,,,,,,,,,,,,,,,,,,,,,,,,,,,,,,,,,,,,,,,,,,,,,,,,,,30.65,2.50,3.79,,,,,,,,,,,,,,,,,,,,,,,,,,,Damage
Sombra,Master,4.0,0.47,27.94,14.31,5.18,35,5755,,6.32,,,,,,,,,6.05,1.54,38,,,,,,,,,,,,,,,,,,,,,,,,,,,,,,,,,,,,,,,,,,,,,,,,,,,,,,,,,,,,,,,,,,,,,,,,,,,,,,,,28.51,2.45,3.97,,,,,,,,,,,,,,,,,,,,,,,,,,,Damage
Sombra,Grandmaster,3.55,0.41,39.54,13.75,5.54,38,5139,,6.21,,,,,,,,,5.89,1.54,36,,,,,,,,,,,,,,,,,,,,,,,,,,,,,,,,,,,,,,,,,,,,,,,,,,,,,,,,,,,,,,,,,,,,,,,,,,,,,,,,24.88,2.42,3.02,,,,,,,,,,,,,,,,,,,,,,,,,,,Damage
Wrecking Ball,All,4.43,1.32,50.11,16.78,7.73,129,7675,,6.14,,,,,,,,,,,34,11,,,,,,,,,,,,,,,,89,,,,,,,,,,,,,,,,,,,,,,,,,,,,,,,,,,,,,,,,,,,,,,,,,,,,,,,,,,,,,,,,,,6.77,6.23,,,,,,,,,,,,,,,,,,,,,,,,,Tank
Wrecking Ball,Bronze,3.54,0.27,35.95,14.39,7.83,137,7576,,6.5,,,,,,,,,,,33,11,,,,,,,,,,,,,,,,104,,,,,,,,,,,,,,,,,,,,,,,,,,,,,,,,,,,,,,,,,,,,,,,,,,,,,,,,,,,,,,,,,,5.90,4.44,,,,,,,,,,,,,,,,,,,,,,,,,Tank
Wrecking Ball,Silver,4.18,0.29,44.69,15.24,8.55,145,7486,,6.55,,,,,,,,,,,31,10,,,,,,,,,,,,,,,,109,,,,,,,,,,,,,,,,,,,,,,,,,,,,,,,,,,,,,,,,,,,,,,,,,,,,,,,,,,,,,,,,,,6.17,5.15,,,,,,,,,,,,,,,,,,,,,,,,,Tank
Wrecking Ball,Gold,3.73,0.38,45.64,15.28,8.15,132,7458,,6.17,,,,,,,,,,,32,10,,,,,,,,,,,,,,,,98,,,,,,,,,,,,,,,,,,,,,,,,,,,,,,,,,,,,,,,,,,,,,,,,,,,,,,,,,,,,,,,,,,6.44,5.51,,,,,,,,,,,,,,,,,,,,,,,,,Tank
Wrecking Ball,Platinum,4.68,2.48,51.08,17.19,8.14,142,7558,,6.14,,,,,,,,,,,32,11,,,,,,,,,,,,,,,,97,,,,,,,,,,,,,,,,,,,,,,,,,,,,,,,,,,,,,,,,,,,,,,,,,,,,,,,,,,,,,,,,,,6.19,5.66,,,,,,,,,,,,,,,,,,,,,,,,,Tank
Wrecking Ball,Diamond,4.07,1.33,46.38,16.12,7.67,122,7800,,6.39,,,,,,,,,,,36,10,,,,,,,,,,,,,,,,88,,,,,,,,,,,,,,,,,,,,,,,,,,,,,,,,,,,,,,,,,,,,,,,,,,,,,,,,,,,,,,,,,,6.49,6.09,,,,,,,,,,,,,,,,,,,,,,,,,Tank
Wrecking Ball,Master,4.13,0.72,40.1,16.78,7.29,125,8067,,5.98,,,,,,,,,,,35,12,,,,,,,,,,,,,,,,87,,,,,,,,,,,,,,,,,,,,,,,,,,,,,,,,,,,,,,,,,,,,,,,,,,,,,,,,,,,,,,,,,,7.51,6.35,,,,,,,,,,,,,,,,,,,,,,,,,Tank
Wrecking Ball,Grandmaster,4.1,1.15,47.35,15.58,7.93,132,7762,,6.21,,,,,,,,,,,33,10,,,,,,,,,,,,,,,,99,,,,,,,,,,,,,,,,,,,,,,,,,,,,,,,,,,,,,,,,,,,,,,,,,,,,,,,,,,,,,,,,,,6.87,5.12,,,,,,,,,,,,,,,,,,,,,,,,,Tank
Sojourn,All,3.03,3.88,48.23,19.35,7.39,52,9181,,8.12,,,,,,,,,9.75,1.42,28,,,,,,,,,,,,,,,,,,,,,,,,,,,,,,,,,,,,,,,,,,,,,,,,,,,,,,,,,,,,,,,,,,,,,,,,,,,,,,,,,,,,,51,13,9.74,5.26,2.53,,,,,,,,,,,,,,,,,,,,Damage
Sojourn,Bronze,2.91,2.83,40.52,17.4,6.99,52,8650,,8.45,,,,,,,,,8.26,1.28,27,,,,,,,,,,,,,,,,,,,,,,,,,,,,,,,,,,,,,,,,,,,,,,,,,,,,,,,,,,,,,,,,,,,,,,,,,,,,,,,,,,,,,49,12,8.04,4.76,2.07,,,,,,,,,,,,,,,,,,,,Damage
Sojourn,Silver,3.07,2.79,45.18,18.01,7.18,51,8633,,8.29,,,,,,,,,8.78,1.47,28,,,,,,,,,,,,,,,,,,,,,,,,,,,,,,,,,,,,,,,,,,,,,,,,,,,,,,,,,,,,,,,,,,,,,,,,,,,,,,,,,,,,,50,11,8.64,4.92,2.22,,,,,,,,,,,,,,,,,,,,Damage
Sojourn,Gold,3.04,2.81,42.14,18.18,7.15,53,8940,,8.28,,,,,,,,,8.77,1.40,28,,,,,,,,,,,,,,,,,,,,,,,,,,,,,,,,,,,,,,,,,,,,,,,,,,,,,,,,,,,,,,,,,,,,,,,,,,,,,,,,,,,,,51,12,8.76,5.21,2.15,,,,,,,,,,,,,,,,,,,,Damage
Sojourn,Platinum,3.07,3.12,45.69,18.96,7.41,50,9090,,8.12,,,,,,,,,9.45,1.46,28,,,,,,,,,,,,,,,,,,,,,,,,,,,,,,,,,,,,,,,,,,,,,,,,,,,,,,,,,,,,,,,,,,,,,,,,,,,,,,,,,,,,,52,12,9.35,5.20,2.49,,,,,,,,,,,,,,,,,,,,Damage
Sojourn,Diamond,3.2,4.08,44.16,19.54,7.44,54,9198,,8.22,,,,,,,,,9.94,1.46,28,,,,,,,,,,,,,,,,,,,,,,,,,,,,,,,,,,,,,,,,,,,,,,,,,,,,,,,,,,,,,,,,,,,,,,,,,,,,,,,,,,,,,51,13,9.86,5.28,2.55,,,,,,,,,,,,,,,,,,,,Damage
Sojourn,Master,3.19,5.63,50.55,20.33,7.42,49,9570,,8.13,,,,,,,,,10.52,1.40,28,,,,,,,,,,,,,,,,,,,,,,,,,,,,,,,,,,,,,,,,,,,,,,,,,,,,,,,,,,,,,,,,,,,,,,,,,,,,,,,,,,,,,53,14,10.58,5.47,2.71,,,,,,,,,,,,,,,,,,,,Damage
Sojourn,Grandmaster,3.5,7.04,50.81,20.25,7.18,47,9682,,7.95,,,,,,,,,10.62,1.29,28,,,,,,,,,,,,,,,,,,,,,,,,,,,,,,,,,,,,,,,,,,,,,,,,,,,,,,,,,,,,,,,,,,,,,,,,,,,,,,,,,,,,,52,14,10.71,5.36,2.78,,,,,,,,,,,,,,,,,,,,Damage
Symmetra,All,3.55,1.56,55.9,20.27,8.63,61,8850,,8.04,,,,,,,,,9.39,1.53,,,,,,,,,,,,,36,,,,,,,,,,,,,,,,,,,,,,,,,,,,,,,,,,,,,,42,,,,,,,,,,,,,,,,,,,,,,,,,,,,,,,,,,,,,,,,1.85,18.13,10.11,,,,,,,,,,,,,,,,,Damage
Symmetra,Bronze,2.9,2.75,50.05,18.95,8.49,58,8295,,8.59,,,,,,,,,8.73,1.80,,,,,,,,,,,,,36,,,,,,,,,,,,,,,,,,,,,,,,,,,,,,,,,,,,,,39,,,,,,,,,,,,,,,,,,,,,,,,,,,,,,,,,,,,,,,,1.77,12.27,11.09,,,,,,,,,,,,,,,,,Damage
Symmetra,Silver,3.12,1.76,51.25,20.05,8.63,60,8483,,8.26,,,,,,,,,9.39,1.78,,,,,,,,,,,,,36,,,,,,,,,,,,,,,,,,,,,,,,,,,,,,,,,,,,,,39,,,,,,,,,,,,,,,,,,,,,,,,,,,,,,,,,,,,,,,,1.79,13.65,10.83,,,,,,,,,,,,,,,,,Damage
Symmetra,Gold,3.7,1.43,54.24,20.07,8.23,56,8641,,8.04,,,,,,,,,9.28,1.58,,,,,,,,,,,,,36,,,,,,,,,,,,,,,,,,,,,,,,,,,,,,,,,,,,,,41,,,,,,,,,,,,,,,,,,,,,,,,,,,,,,,,,,,,,,,,1.83,14.95,10.44,,,,,,,,,,,,,,,,,Damage
Symmetra,Platinum,3.57,1.28,52.41,20.36,9.0,59,8896,,8.18,,,,,,,,,9.49,1.55,,,,,,,,,,,,,38,,,,,,,,,,,,,,,,,,,,,,,,,,,,,,,,,,,,,,41,,,,,,,,,,,,,,,,,,,,,,,,,,,,,,,,,,,,,,,,1.83,16.81,10.63,,,,,,,,,,,,,,,,,Damage
Symmetra,Diamond,3.42,2.06,55.89,20.27,8.6,60,8939,,8.32,,,,,,,,,9.51,1.56,,,,,,,,,,,,,36,,,,,,,,,,,,,,,,,,,,,,,,,,,,,,,,,,,,,,43,,,,,,,,,,,,,,,,,,,,,,,,,,,,,,,,,,,,,,,,1.87,18.64,10.17,,,,,,,,,,,,,,,,,Damage
Symmetra,Master,3.09,1.99,55.08,19.93,8.35,51,8634,,8.47,,,,,,,,,9.16,1.61,,,,,,,,,,,,,37,,,,,,,,,,,,,,,,,,,,,,,,,,,,,,,,,,,,,,42,,,,,,,,,,,,,,,,,,,,,,,,,,,,,,,,,,,,,,,,1.82,19.42,10.41,,,,,,,,,,,,,,,,,Damage
Symmetra,Grandmaster,3.01,2.74,53.05,18.63,7.52,55,8274,,8.37,,,,,,,,,8.18,1.52,,,,,,,,,,,,,37,,,,,,,,,,,,,,,,,,,,,,,,,,,,,,,,,,,,,,42,,,,,,,,,,,,,,,,,,,,,,,,,,,,,,,,,,,,,,,,1.79,21.45,9.45,,,,,,,,,,,,,,,,,Damage
Torbjorn,All,3.08,1.61,53.82,18.76,7.52,49,9875,,7.03,,,,,,,,,8.99,1.69,28,9,,,,,,,,,,,,,,,,,,,,,,,,,,,,,,,,,,,,,,,,,,,,,,,,,,,,,,,,,,,,,,,,,,,,,,,,,,,,,,,,,,,,,,,,,,,,0.58,9.49,2.90,,,,,,,,,,,,,,Damage
Torbjorn,Bronze,2.74,1.22,45.43,16.61,6.83,40,8820,,7.41,,,,,,,,,7.75,1.48,25,8,,,,,,,,,,,,,,,,,,,,,,,,,,,,,,,,,,,,,,,,,,,,,,,,,,,,,,,,,,,,,,,,,,,,,,,,,,,,,,,,,,,,,,,,,,,,0.76,9.38,2.79,,,,,,,,,,,,,,Damage
Torbjorn,Silver,2.78,0.98,47.11,17.76,7.54,44,9465,,7.35,,,,,,,,,8.22,1.56,26,8,,,,,,,,,,,,,,,,,,,,,,,,,,,,,,,,,,,,,,,,,,,,,,,,,,,,,,,,,,,,,,,,,,,,,,,,,,,,,,,,,,,,,,,,,,,,0.83,10.15,2.85,,,,,,,,,,,,,,Damage
Torbjorn,Gold,3.02,1.09,45.01,18.42,7.53,43,9718,,7.01,,,,,,,,,8.65,1.65,27,9,,,,,,,,,,,,,,,,,,,,,,,,,,,,,,,,,,,,,,,,,,,,,,,,,,,,,,,,,,,,,,,,,,,,,,,,,,,,,,,,,,,,,,,,,,,,0.86,9.74,2.97,,,,,,,,,,,,,,Damage
Torbjorn,Platinum,3.17,1.57,51.93,18.06,7.31,47,9631,,7.05,,,,,,,,,8.55,1.63,28,8,,,,,,,,,,,,,,,,,,,,,,,,,,,,,,,,,,,,,,,,,,,,,,,,,,,,,,,,,,,,,,,,,,,,,,,,,,,,,,,,,,,,,,,,,,,,0.52,8.96,2.88,,,,,,,,,,,,,,Damage
Torbjorn,Diamond,3.12,1.94,54.87,18.55,7.4,49,9812,,7.15,,,,,,,,,8.98,1.69,29,9,,,,,,,,,,,,,,,,,,,,,,,,,,,,,,,,,,,,,,,,,,,,,,,,,,,,,,,,,,,,,,,,,,,,,,,,,,,,,,,,,,,,,,,,,,,,0.68,9.42,3.00,,,,,,,,,,,,,,Damage
Torbjorn,Master,2.87,1.45,46.29,17.72,7.03,48,9558,,7.19,,,,,,,,,8.60,1.56,28,8,,,,,,,,,,,,,,,,,,,,,,,,,,,,,,,,,,,,,,,,,,,,,,,,,,,,,,,,,,,,,,,,,,,,,,,,,,,,,,,,,,,,,,,,,,,,0.77,9.22,2.80,,,,,,,,,,,,,,Damage
Torbjorn,Grandmaster,2.85,3.14,59.32,17.6,6.87,46,9385,,7.25,,,,,,,,,8.17,1.40,29,8,,,,,,,,,,,,,,,,,,,,,,,,,,,,,,,,,,,,,,,,,,,,,,,,,,,,,,,,,,,,,,,,,,,,,,,,,,,,,,,,,,,,,,,,,,,,0.45,8.72,2.77,,,,,,,,,,,,,,Damage
Ramattra,All,3.63,1.93,51.88,19.28,8.1,120,9723,,6.69,,,,,,,,,,,26,,,,,,,,,,,,,,,,,73,,,,,,,,,,,,,,,,,,,,,,,,,,,,,,,,,,,,,,,,,,,,,,,,,,,,,,,,,,,,,,,,,,,,,,,,,,,,,,,59,12.17,5.94,6.05,,,,,,,,,,Tank
Ramattra,Bronze,3.46,1.46,55.21,18.28,8.48,132,8864,,6.77,,,,,,,,,,,24,,,,,,,,,,,,,,,,,69,,,,,,,,,,,,,,,,,,,,,,,,,,,,,,,,,,,,,,,,,,,,,,,,,,,,,,,,,,,,,,,,,,,,,,,,,,,,,,,54,10.89,5.58,5.13,,,,,,,,,,Tank
Ramattra,Silver,3.47,1.28,56.4,18.5,8.57,131,9122,,6.79,,,,,,,,,,,24,,,,,,,,,,,,,,,,,75,,,,,,,,,,,,,,,,,,,,,,,,,,,,,,,,,,,,,,,,,,,,,,,,,,,,,,,,,,,,,,,,,,,,,,,,,,,,,,,54,11.15,5.55,5.67,,,,,,,,,,Tank
Ramattra,Gold,3.57,1.66,52.4,18.87,8.4,124,9388,,6.82,,,,,,,,,,,26,,,,,,,,,,,,,,,,,72,,,,,,,,,,,,,,,,,,,,,,,,,,,,,,,,,,,,,,,,,,,,,,,,,,,,,,,,,,,,,,,,,,,,,,,,,,,,,,,57,11.64,5.85,5.75,,,,,,,,,,Tank
Ramattra,Platinum,3.52,2.82,52.25,19.05,8.06,122,9580,,6.77,,,,,,,,,,,25,,,,,,,,,,,,,,,,,71,,,,,,,,,,,,,,,,,,,,,,,,,,,,,,,,,,,,,,,,,,,,,,,,,,,,,,,,,,,,,,,,,,,,,,,,,,,,,,,58,11.89,5.98,5.89,,,,,,,,,,Tank
Ramattra,Diamond,3.78,2.51,54.99,19.5,8.13,121,9686,,6.58,,,,,,,,,,,25,,,,,,,,,,,,,,,,,72,,,,,,,,,,,,,,,,,,,,,,,,,,,,,,,,,,,,,,,,,,,,,,,,,,,,,,,,,,,,,,,,,,,,,,,,,,,,,,,59,12.11,5.99,6.09,,,,,,,,,,Tank
Ramattra,Master,3.49,1.86,58.66,18.96,8.43,128,9422,,6.65,,,,,,,,,,,25,,,,,,,,,,,,,,,,,68,,,,,,,,,,,,,,,,,,,,,,,,,,,,,,,,,,,,,,,,,,,,,,,,,,,,,,,,,,,,,,,,,,,,,,,,,,,,,,,58,11.74,5.97,5.57,,,,,,,,,,Tank
Ramattra,Grandmaster,3.49,1.86,56.65,17.97,8.27,132,9199,,6.73,,,,,,,,,,,25,,,,,,,,,,,,,,,,,71,,,,,,,,,,,,,,,,,,,,,,,,,,,,,,,,,,,,,,,,,,,,,,,,,,,,,,,,,,,,,,,,,,,,,,,,,,,,,,,56,10.96,5.85,5.28,,,,,,,,,,Tank
Junker Queen,All,3.92,1.27,47.49,18.53,7.54,119,9245,,7.26,,,,,,,,,,,38,,,,,,,,,,,,,,,,,75,,,,,,,,,,,,,,,,,,,,,,,,,,,,,,,,,,,,,,,,,,,,,,,,,,,,,,,,,,,,,,,,,,,,,,,,,,,,,,,,,,,34,6.91,19,3.87,,,,,,Tank
Junker Queen,Bronze,3.15,0.56,40.67,15.66,6.9,128,8439,,8.3,,,,,,,,,,,35,,,,,,,,,,,,,,,,,72,,,,,,,,,,,,,,,,,,,,,,,,,,,,,,,,,,,,,,,,,,,,,,,,,,,,,,,,,,,,,,,,,,,,,,,,,,,,,,,,,,,35,5.86,18,3.56,,,,,,Tank
Junker Queen,Silver,3.41,0.69,39.56,16.4,7.37,131,8675,,7.79,,,,,,,,,,,35,,,,,,,,,,,,,,,,,75,,,,,,,,,,,,,,,,,,,,,,,,,,,,,,,,,,,,,,,,,,,,,,,,,,,,,,,,,,,,,,,,,,,,,,,,,,,,,,,,,,,34,5.84,19,3.62,,,,,,Tank
Junker Queen,Gold,3.63,1.75,46.93,17.33,7.69,127,8792,,7.61,,,,,,,,,,,37,,,,,,,,,,,,,,,,,78,,,,,,,,,,,,,,,,,,,,,,,,,,,,,,,,,,,,,,,,,,,,,,,,,,,,,,,,,,,,,,,,,,,,,,,,,,,,,,,,,,,35,6.43,19,3.66,,,,,,Tank
Junker Queen,Platinum,3.54,1.02,46.61,17.59,7.46,123,9015,,7.68,,,,,,,,,,,37,,,,,,,,,,,,,,,,,76,,,,,,,,,,,,,,,,,,,,,,,,,,,,,,,,,,,,,,,,,,,,,,,,,,,,,,,,,,,,,,,,,,,,,,,,,,,,,,,,,,,34,6.49,19,3.86,,,,,,Tank
Junker Queen,Diamond,3.91,1.36,47.54,18.69,7.56,118,9439,,7.38,,,,,,,,,,,38,,,,,,,,,,,,,,,,,72,,,,,,,,,,,,,,,,,,,,,,,,,,,,,,,,,,,,,,,,,,,,,,,,,,,,,,,,,,,,,,,,,,,,,,,,,,,,,,,,,,,35,6.79,20,3.92,,,,,,Tank
Junker Queen,Master,3.62,1.26,41.85,17.29,6.74,114,9175,,7.86,,,,,,,,,,,38,,,,,,,,,,,,,,,,,69,,,,,,,,,,,,,,,,,,,,,,,,,,,,,,,,,,,,,,,,,,,,,,,,,,,,,,,,,,,,,,,,,,,,,,,,,,,,,,,,,,,35,6.50,19,4.03,,,,,,Tank
Junker Queen,Grandmaster,3.26,1.39,41.01,16.18,7.02,129,9093,,7.97,,,,,,,,,,,36,,,,,,,,,,,,,,,,,77,,,,,,,,,,,,,,,,,,,,,,,,,,,,,,,,,,,,,,,,,,,,,,,,,,,,,,,,,,,,,,,,,,,,,,,,,,,,,,,,,,,35,5.82,19,3.75,,,,,,Tank
Echo,All,2.69,0.94,49.69,19.22,6.59,62,8504,,8.31,,,,,,,,,10.68,2.12,26,,,,,,,,,,,,,,,,,,,,,,,,,,,,,,,,,,,,,,,,,,,,,,,,,,,,,,,,,,,,,,,,,,,,,,,,,,,,,,,,,,,,,,,,,,,,,,,,,,,,,,,,36.90,8.28,27,9.23,3.41,Damage
Echo,Bronze,2.5,0.62,39.97,16.8,5.92,54,7565,,8.71,,,,,,,,,9.12,2.23,24,,,,,,,,,,,,,,,,,,,,,,,,,,,,,,,,,,,,,,,,,,,,,,,,,,,,,,,,,,,,,,,,,,,,,,,,,,,,,,,,,,,,,,,,,,,,,,,,,,,,,,,,34.56,7.01,25,8.04,3.38,Damage
Echo,Silver,2.44,0.54,46.88,17.9,6.42,63,7798,,8.38,,,,,,,,,9.43,2.06,25,,,,,,,,,,,,,,,,,,,,,,,,,,,,,,,,,,,,,,,,,,,,,,,,,,,,,,,,,,,,,,,,,,,,,,,,,,,,,,,,,,,,,,,,,,,,,,,,,,,,,,,,34.20,7.34,25,8.79,3.23,Damage
Echo,Gold,2.68,0.73,48.16,19.3,7.19,63,8127,,8.28,,,,,,,,,10.79,2.48,26,,,,,,,,,,,,,,,,,,,,,,,,,,,,,,,,,,,,,,,,,,,,,,,,,,,,,,,,,,,,,,,,,,,,,,,,,,,,,,,,,,,,,,,,,,,,,,,,,,,,,,,,36.11,8.17,26,9.39,3.26,Damage
Echo,Platinum,2.63,0.79,45.78,18.79,6.66,65,8306,,8.49,,,,,,,,,10.31,2.20,26,,,,,,,,,,,,,,,,,,,,,,,,,,,,,,,,,,,,,,,,,,,,,,,,,,,,,,,,,,,,,,,,,,,,,,,,,,,,,,,,,,,,,,,,,,,,,,,,,,,,,,,,36.82,8.05,27,9.01,3.49,Damage
Echo,Diamond,2.64,1.27,47.44,19.18,6.5,58,8466,,8.32,,,,,,,,,10.71,2.11,26,,,,,,,,,,,,,,,,,,,,,,,,,,,,,,,,,,,,,,,,,,,,,,,,,,,,,,,,,,,,,,,,,,,,,,,,,,,,,,,,,,,,,,,,,,,,,,,,,,,,,,,,36.92,8.48,27,9.08,3.67,Damage
Echo,Master,2.51,1.14,46.91,19.07,5.73,53,8879,,8.59,,,,,,,,,10.95,2.29,26,,,,,,,,,,,,,,,,,,,,,,,,,,,,,,,,,,,,,,,,,,,,,,,,,,,,,,,,,,,,,,,,,,,,,,,,,,,,,,,,,,,,,,,,,,,,,,,,,,,,,,,,38.67,8.31,28,9.20,3.83,Damage
Echo,Grandmaster,2.77,1.03,49.83,19.05,5.73,58,8681,,8.56,,,,,,,,,10.56,1.97,26,,,,,,,,,,,,,,,,,,,,,,,,,,,,,,,,,,,,,,,,,,,,,,,,,,,,,,,,,,,,,,,,,,,,,,,,,,,,,,,,,,,,,,,,,,,,,,,,,,,,,,,,37.65,8.20,27,8.89,3.47,Damage
